mass_msun,lognormal_sigma_0p71,broken_power_law,critical_collapse_alpha_1p1,lognormal_sigma_0p4,lognormal_sigma_0p6,lognormal_sigma_0p8
5.0000000000e+00,4.7362332108e-03,1.4478771540e-02,3.2096921361e-02,8.7666172139e-06,1.5471159963e-03,8.4122348651e-03
5.1451451451e+00,5.0912584133e-03,1.4704241732e-02,3.2672380720e-02,1.1707490749e-05,1.7316295405e-03,8.8511278606e-03
5.2902902903e+00,5.4534022719e-03,1.4926804505e-02,3.3227757754e-02,1.5433683617e-05,1.9278743814e-03,9.2883517218e-03
5.4354354354e+00,5.8218661874e-03,1.5146575620e-02,3.3763320288e-02,2.0100684373e-05,2.1357203130e-03,9.7231690537e-03
5.5805805806e+00,6.1958679144e-03,1.5363663276e-02,3.4279342066e-02,2.5883173431e-05,2.3549895786e-03,1.0154901722e-02
5.7257257257e+00,6.5746445851e-03,1.5578168786e-02,3.4776101941e-02,3.2975507992e-05,2.5854603983e-03,1.0582928207e-02
5.8708708709e+00,6.9574551981e-03,1.5790187184e-02,3.5253883127e-02,4.1591976475e-05,2.8268705758e-03,1.1006680886e-02
6.0160160160e+00,7.3435826309e-03,1.5999807752e-02,3.5712972528e-02,5.1966810923e-05,3.0789211323e-03,1.1425643269e-02
6.1611611612e+00,7.7323352288e-03,1.6207114502e-02,3.6153660117e-02,6.4353950934e-05,3.3412799225e-03,1.1839347251e-02
6.3063063063e+00,8.1230480178e-03,1.6412186604e-02,3.6576238372e-02,7.9026557604e-05,3.6135851971e-03,1.2247370384e-02
6.4514514515e+00,8.5150835884e-03,1.6615098764e-02,3.6981001760e-02,9.6276280702e-05,3.8954490792e-03,1.2649333204e-02
6.5965965966e+00,8.9078326889e-03,1.6815921579e-02,3.7368246262e-02,1.1641228673e-04,4.1864609314e-03,1.3044896630e-02
6.7417417417e+00,9.3007145679e-03,1.7014721838e-02,3.7738268940e-02,1.3976005950e-04,4.4861905925e-03,1.3433759440e-02
6.8868868869e+00,9.6931770974e-03,1.7211562812e-02,3.8091367540e-02,1.6665998844e-04,4.7941914703e-03,1.3815655841e-02
7.0320320320e+00,1.0084696708e-02,1.7406504508e-02,3.8427840122e-02,1.9746576270e-04,5.1100034771e-03,1.4190353134e-02
7.1771771772e+00,1.0474778164e-02,1.7599603897e-02,3.8747984726e-02,2.3254259192e-04,5.4331558029e-03,1.4557649485e-02
7.3223223223e+00,1.0862954200e-02,1.7790915130e-02,3.9052099064e-02,2.7226527597e-04,5.7631695187e-03,1.4917371795e-02
7.4674674675e+00,1.1248785045e-02,1.7980489729e-02,3.9340480235e-02,3.1701614783e-04,6.0995600102e-03,1.5269373676e-02
7.6126126126e+00,1.1631857848e-02,1.8168376763e-02,3.9613424461e-02,3.6718291447e-04,6.4418392394e-03,1.5613533531e-02
7.7577577578e+00,1.2011786028e-02,1.8354623009e-02,3.9871226851e-02,4.2315642074e-04,6.7895178383e-03,1.5949752738e-02
7.9029029029e+00,1.2388208559e-02,1.8539273099e-02,4.0114181177e-02,4.8532836175e-04,7.1421070347e-03,1.6277953930e-02
8.0480480480e+00,1.2760789203e-02,1.8722369658e-02,4.0342579675e-02,5.5408896827e-04,7.4991204176e-03,1.6598079379e-02
8.1931931932e+00,1.3129215709e-02,1.8903953428e-02,4.0556712854e-02,6.2982468925e-04,7.8600755445e-03,1.6910089467e-02
8.3383383383e+00,1.3493198977e-02,1.9084063380e-02,4.0756869327e-02,7.1291589417e-04,8.2244953985e-03,1.7213961256e-02
8.4834834835e+00,1.3852472209e-02,1.9262736825e-02,4.0943335655e-02,8.0373461679e-04,8.5919097009e-03,1.7509687137e-02
8.6286286286e+00,1.4206790041e-02,1.9440009508e-02,4.1116396204e-02,9.0264236019e-04,8.9618560855e-03,1.7797273569e-02
8.7737737738e+00,1.4555927677e-02,1.9615915702e-02,4.1276333010e-02,1.0099879814e-03,9.3338811431e-03,1.8076739895e-02
8.9189189189e+00,1.4899680021e-02,1.9790488289e-02,4.1423425663e-02,1.1261056718e-03,9.7075413420e-03,1.8348117233e-02
9.0640640641e+00,1.5237860805e-02,1.9963758839e-02,4.1557951194e-02,1.2513130480e-03,1.0082403833e-02,1.8611447441e-02
9.2092092092e+00,1.5570301744e-02,2.0135757684e-02,4.1680183977e-02,1.3859093658e-03,1.0458047145e-02,1.8866782151e-02
9.3543543544e+00,1.5896851685e-02,2.0306513985e-02,4.1790395642e-02,1.5301738670e-03,1.0834061779e-02,1.9114181861e-02
9.4994994995e+00,1.6217375787e-02,2.0476055790e-02,4.1888854984e-02,1.6843642693e-03,1.1210050708e-02,1.9353715098e-02
9.6446446446e+00,1.6531754707e-02,2.0644410100e-02,4.1975827898e-02,1.8487154045e-03,1.1585629788e-02,1.9585457631e-02
9.7897897898e+00,1.6839883817e-02,2.0811602919e-02,4.2051577307e-02,2.0234380108e-03,1.1960428088e-02,1.9809491740e-02
9.9349349349e+00,1.7141672428e-02,2.0977659304e-02,4.2116363107e-02,2.2087176820e-03,1.2334088146e-02,2.0025905540e-02
1.0080080080e+01,1.7437043054e-02,2.1142603416e-02,4.2170442108e-02,2.4047139766e-03,1.2706266155e-02,2.0234792344e-02
1.0225225225e+01,1.7725930684e-02,2.1306458563e-02,4.2214067991e-02,2.6115596846e-03,1.3076632083e-02,2.0436250082e-02
1.0370370370e+01,1.8008282088e-02,2.1469247241e-02,4.2247491265e-02,2.8293602529e-03,1.3444869744e-02,2.0630380755e-02
1.0515515516e+01,1.8284055143e-02,2.1630991174e-02,4.2270959233e-02,3.0581933658e-03,1.3810676807e-02,2.0817289929e-02
1.0660660661e+01,1.8553218186e-02,2.1791711350e-02,4.2284715959e-02,3.2981086774e-03,1.4173764762e-02,2.0997086270e-02
1.0805805806e+01,1.8815749388e-02,2.1951428057e-02,4.2289002241e-02,3.5491276904e-03,1.4533858843e-02,2.1169881112e-02
1.0950950951e+01,1.9071636158e-02,2.2110160916e-02,4.2284055590e-02,3.8112437777e-03,1.4890697914e-02,2.1335788053e-02
1.1096096096e+01,1.9320874567e-02,2.2267928906e-02,4.2270110212e-02,4.0844223381e-03,1.5244034315e-02,2.1494922593e-02
1.1241241241e+01,1.9563468801e-02,2.2424750402e-02,4.2247396995e-02,4.3686010812e-03,1.5593633683e-02,2.1647401786e-02
1.1386386386e+01,1.9799430630e-02,2.2580643194e-02,4.2216143494e-02,4.6636904333e-03,1.5939274744e-02,2.1793343929e-02
1.1531531532e+01,2.0028778909e-02,2.2735624516e-02,4.2176573930e-02,4.9695740561e-03,1.6280749083e-02,2.1932868272e-02
1.1676676677e+01,2.0251539096e-02,2.2889711071e-02,4.2128909181e-02,5.2861094714e-03,1.6617860887e-02,2.2066094754e-02
1.1821821822e+01,2.0467742796e-02,2.3042919051e-02,4.2073366782e-02,5.6131287817e-03,1.6950426677e-02,2.2193143754e-02
1.1966966967e+01,2.0677427319e-02,2.3195264163e-02,4.2010160928e-02,5.9504394798e-03,1.7278275026e-02,2.2314135871e-02
1.2112112112e+01,2.0880635272e-02,2.3346761643e-02,4.1939502477e-02,6.2978253379e-03,1.7601246254e-02,2.2429191716e-02
1.2257257257e+01,2.1077414160e-02,2.3497426282e-02,4.1861598956e-02,6.6550473684e-03,1.7919192122e-02,2.2538431724e-02
1.2402402402e+01,2.1267816009e-02,2.3647272440e-02,4.1776654570e-02,7.0218448470e-03,1.8231975516e-02,2.2641975984e-02
1.2547547548e+01,2.1451897012e-02,2.3796314066e-02,4.1684870214e-02,7.3979363915e-03,1.8539470119e-02,2.2739944081e-02
1.2692692693e+01,2.1629717189e-02,2.3944564710e-02,4.1586443487e-02,7.7830210862e-03,1.8841560084e-02,2.2832454954e-02
1.2837837838e+01,2.1801340069e-02,2.4092037545e-02,4.1481568702e-02,8.1767796463e-03,1.9138139700e-02,2.2919626767e-02
1.2982982983e+01,2.1966832381e-02,2.4238745378e-02,4.1370436905e-02,8.5788756123e-03,1.9429113058e-02,2.3001576792e-02
1.3128128128e+01,2.2126263770e-02,2.4384700663e-02,4.1253235896e-02,8.9889565700e-03,1.9714393712e-02,2.3078421302e-02
1.3273273273e+01,2.2279706527e-02,2.4529915517e-02,4.1130150243e-02,9.4066553863e-03,1.9993904349e-02,2.3150275479e-02
1.3418418418e+01,2.2427235325e-02,2.4674401733e-02,4.1001361307e-02,9.8315914568e-03,2.0267576447e-02,2.3217253326e-02
1.3563563564e+01,2.2568926982e-02,2.4818170789e-02,4.0867047263e-02,1.0263371957e-02,2.0535349950e-02,2.3279467591e-02
1.3708708709e+01,2.2704860231e-02,2.4961233863e-02,4.0727383121e-02,1.0701593094e-02,2.0797172934e-02,2.3337029699e-02
1.3853853854e+01,2.2835115500e-02,2.5103601842e-02,4.0582540754e-02,1.1145841347e-02,2.1053001285e-02,2.3390049696e-02
1.3998998999e+01,2.2959774713e-02,2.5245285333e-02,4.0432688921e-02,1.1595694705e-02,2.1302798377e-02,2.3438636189e-02
1.4144144144e+01,2.3078921097e-02,2.5386294674e-02,4.0277993295e-02,1.2050723877e-02,2.1546534756e-02,2.3482896305e-02
1.4289289289e+01,2.3192639000e-02,2.5526639941e-02,4.0118616489e-02,1.2510493492e-02,2.1784187828e-02,2.3522935652e-02
1.4434434434e+01,2.3301013723e-02,2.5666330960e-02,3.9954718084e-02,1.2974563266e-02,2.2015741559e-02,2.3558858279e-02
1.4579579580e+01,2.3404131359e-02,2.5805377314e-02,3.9786454659e-02,1.3442489149e-02,2.2241186174e-02,2.3590766653e-02
1.4724724725e+01,2.3502078647e-02,2.5943788353e-02,3.9613979819e-02,1.3913824436e-02,2.2460517864e-02,2.3618761632e-02
1.4869869870e+01,2.3594942829e-02,2.6081573198e-02,3.9437444228e-02,1.4388120847e-02,2.2673738503e-02,2.3642942445e-02
1.5015015015e+01,2.3682811518e-02,2.6218740754e-02,3.9256995634e-02,1.4864929570e-02,2.2880855372e-02,2.3663406679e-02
1.5160160160e+01,2.3765772581e-02,2.6355299714e-02,3.9072778905e-02,1.5343802264e-02,2.3081880886e-02,2.3680250265e-02
1.5305305305e+01,2.3843914017e-02,2.6491258567e-02,3.8884936061e-02,1.5824292026e-02,2.3276832331e-02,2.3693567470e-02
1.5450450450e+01,2.3917323855e-02,2.6626625604e-02,3.8693606302e-02,1.6305954318e-02,2.3465731609e-02,2.3703450893e-02
1.5595595596e+01,2.3986090052e-02,2.6761408924e-02,3.8498926042e-02,1.6788347842e-02,2.3648604989e-02,2.3709991464e-02
1.5740740741e+01,2.4050300401e-02,2.6895616443e-02,3.8301028945e-02,1.7271035383e-02,2.3825482869e-02,2.3713278440e-02
1.5885885886e+01,2.4110042442e-02,2.7029255896e-02,3.8100045950e-02,1.7753584606e-02,2.3996399537e-02,2.3713399415e-02
1.6031031031e+01,2.4165403388e-02,2.7162334844e-02,3.7896105316e-02,1.8235568796e-02,2.4161392952e-02,2.3710440319e-02
1.6176176176e+01,2.4216470042e-02,2.7294860683e-02,3.7689332642e-02,1.8716567576e-02,2.4320504521e-02,2.3704485430e-02
1.6321321321e+01,2.4263328736e-02,2.7426840643e-02,3.7479850911e-02,1.9196167557e-02,2.4473778889e-02,2.3695617381e-02
1.6466466466e+01,2.4306065260e-02,2.7558281797e-02,3.7267780520e-02,1.9673962961e-02,2.4621263737e-02,2.3683917170e-02
1.6611611612e+01,2.4344764809e-02,2.7689191066e-02,3.7053239311e-02,2.0149556190e-02,2.4763009584e-02,2.3669464175e-02
1.6756756757e+01,2.4379511927e-02,2.7819575221e-02,3.6836342609e-02,2.0622558355e-02,2.4899069597e-02,2.3652336168e-02
1.6901901902e+01,2.4410390455e-02,2.7949440891e-02,3.6617203256e-02,2.1092589764e-02,2.5029499414e-02,2.3632609327e-02
1.7047047047e+01,2.4437483490e-02,2.8078794562e-02,3.6395931640e-02,2.1559280359e-02,2.5154356961e-02,2.3610358256e-02
1.7192192192e+01,2.4460873339e-02,2.8207642588e-02,3.6172635735e-02,2.2022270125e-02,2.5273702288e-02,2.3585655997e-02
1.7337337337e+01,2.4480641482e-02,2.8335991190e-02,3.5947421132e-02,2.2481209448e-02,2.5387597407e-02,2.3558574055e-02
1.7482482482e+01,2.4496868540e-02,2.8463846459e-02,3.5720391071e-02,2.2935759438e-02,2.5496106136e-02,2.3529182411e-02
1.7627627628e+01,2.4509634243e-02,2.8591214364e-02,3.5491646480e-02,2.3385592212e-02,2.5599293950e-02,2.3497549546e-02
1.7772772773e+01,2.4519017399e-02,2.8718100755e-02,3.5261286002e-02,2.3830391142e-02,2.5697227835e-02,2.3463742458e-02
1.7917917918e+01,2.4525095873e-02,2.8844511360e-02,3.5029406036e-02,2.4269851066e-02,2.5789976158e-02,2.3427826682e-02
1.8063063063e+01,2.4527946561e-02,2.8970451797e-02,3.4796100764e-02,2.4703678464e-02,2.5877608529e-02,2.3389866316e-02
1.8208208208e+01,2.4527645373e-02,2.9095927572e-02,3.4561462190e-02,2.5131591606e-02,2.5960195679e-02,2.3349924037e-02
1.8353353353e+01,2.4524267215e-02,2.9220944082e-02,3.4325580167e-02,2.5553320657e-02,2.6037809340e-02,2.3308061126e-02
1.8498498498e+01,2.4517885974e-02,2.9345506621e-02,3.4088542436e-02,2.5968607763e-02,2.6110522130e-02,2.3264337490e-02
1.8643643644e+01,2.4508574503e-02,2.9469620381e-02,3.3850434655e-02,2.6377207106e-02,2.6178407446e-02,2.3218811681e-02
1.8788788789e+01,2.4496404613e-02,2.9593290453e-02,3.3611340434e-02,2.6778884921e-02,2.6241539354e-02,2.3171540925e-02
1.8933933934e+01,2.4481447061e-02,2.9716521832e-02,3.3371341367e-02,2.7173419505e-02,2.6299992499e-02,2.3122581137e-02
1.9079079079e+01,2.4463771548e-02,2.9839319421e-02,3.3130517061e-02,2.7560601183e-02,2.6353842000e-02,2.3071986947e-02
1.9224224224e+01,2.4443446705e-02,2.9961688028e-02,3.2888945175e-02,2.7940232264e-02,2.6403163370e-02,2.3019811725e-02
1.9369369369e+01,2.4420540097e-02,3.0083632375e-02,3.2646701444e-02,2.8312126967e-02,2.6448032424e-02,2.2966107598e-02
1.9514514515e+01,2.4395118217e-02,3.0205157095e-02,3.2403859717e-02,2.8676111331e-02,2.6488525202e-02,2.2910925478e-02
1.9659659660e+01,2.4367246482e-02,3.0326266737e-02,3.2160491983e-02,2.9032023100e-02,2.6524717886e-02,2.2854315082e-02
1.9804804805e+01,2.4336989239e-02,3.0446965769e-02,3.1916668408e-02,2.9379711601e-02,2.6556686737e-02,2.2796324952e-02
1.9949949950e+01,2.4304409760e-02,3.0567258575e-02,3.1672457359e-02,2.9719037590e-02,2.6584508016e-02,2.2737002482e-02
2.0095095095e+01,2.4269570248e-02,3.0687149464e-02,3.1427925440e-02,3.0049873097e-02,2.6608257924e-02,2.2676393937e-02
2.0240240240e+01,2.4232531839e-02,3.0806642668e-02,3.1183137521e-02,3.0372101244e-02,2.6628012539e-02,2.2614544476e-02
2.0385385385e+01,2.4193354606e-02,3.0925742343e-02,3.0938156765e-02,3.0685616063e-02,2.6643847758e-02,2.2551498171e-02
2.0530530531e+01,2.4152097564e-02,3.1044452574e-02,3.0693044662e-02,3.0990322291e-02,2.6655839242e-02,2.2487298034e-02
2.0675675676e+01,2.4108818677e-02,3.1162777373e-02,3.0447861055e-02,3.1286135155e-02,2.6664062363e-02,2.2421986032e-02
2.0820820821e+01,2.4063574862e-02,3.1280720686e-02,3.0202664171e-02,3.1572980159e-02,2.6668592156e-02,2.2355603114e-02
2.0965965966e+01,2.4016421998e-02,3.1398286388e-02,2.9957510650e-02,3.1850792847e-02,2.6669503273e-02,2.2288189226e-02
2.1111111111e+01,2.3967414935e-02,3.1515478291e-02,2.9712455572e-02,3.2119518564e-02,2.6666869942e-02,2.2219783337e-02
2.1256256256e+01,2.3916607497e-02,3.1632300139e-02,2.9467552484e-02,3.2379112217e-02,2.6660765922e-02,2.2150423454e-02
2.1401401401e+01,2.3864052500e-02,3.1748755618e-02,2.9222853434e-02,3.2629538017e-02,2.6651264472e-02,2.2080146647e-02
2.1546546547e+01,2.3809801751e-02,3.1864848349e-02,2.8978408991e-02,3.2870769228e-02,2.6638438308e-02,2.2008989065e-02
2.1691691692e+01,2.3753906067e-02,3.1980581895e-02,2.8734268277e-02,3.3102787901e-02,2.6622359577e-02,2.1936985958e-02
2.1836836837e+01,2.3696415278e-02,3.2095959758e-02,2.8490478991e-02,3.3325584617e-02,2.6603099821e-02,2.1864171694e-02
2.1981981982e+01,2.3637378244e-02,3.2210985386e-02,2.8247087440e-02,3.3539158213e-02,2.6580729956e-02,2.1790579779e-02
2.2127127127e+01,2.3576842859e-02,3.2325662168e-02,2.8004138560e-02,3.3743515517e-02,2.6555320235e-02,2.1716242876e-02
2.2272272272e+01,2.3514856069e-02,3.2439993442e-02,2.7761675945e-02,3.3938671075e-02,2.6526940235e-02,2.1641192823e-02
2.2417417417e+01,2.3451463880e-02,3.2553982488e-02,2.7519741872e-02,3.4124646883e-02,2.6495658825e-02,2.1565460649e-02
2.2562562563e+01,2.3386711367e-02,3.2667632539e-02,2.7278377327e-02,3.4301472114e-02,2.6461544154e-02,2.1489076595e-02
2.2707707708e+01,2.3320642692e-02,3.2780946772e-02,2.7037622028e-02,3.4469182844e-02,2.6424663626e-02,2.1412070130e-02
2.2852852853e+01,2.3253301112e-02,3.2893928317e-02,2.6797514453e-02,3.4627821786e-02,2.6385083885e-02,2.1334469966e-02
2.2997997998e+01,2.3184728991e-02,3.3006580256e-02,2.6558091860e-02,3.4777438019e-02,2.6342870799e-02,2.1256304079e-02
2.3143143143e+01,2.3114967815e-02,3.3118905619e-02,2.6319390315e-02,3.4918086720e-02,2.6298089448e-02,2.1177599720e-02
2.3288288288e+01,2.3044058202e-02,3.3230907395e-02,2.6081444714e-02,3.5049828902e-02,2.6250804109e-02,2.1098383436e-02
2.3433433433e+01,2.2972039914e-02,3.3342588522e-02,2.5844288807e-02,3.5172731145e-02,2.6201078245e-02,2.1018681085e-02
2.3578578579e+01,2.2898951873e-02,3.3453951896e-02,2.5607955218e-02,3.5286865347e-02,2.6148974498e-02,2.0938517849e-02
2.3723723724e+01,2.2824832171e-02,3.3565000370e-02,2.5372475474e-02,3.5392308458e-02,2.6094554676e-02,2.0857918251e-02
2.3868868869e+01,2.2749718081e-02,3.3675736752e-02,2.5137880021e-02,3.5489142232e-02,2.6037879747e-02,2.0776906170e-02
2.4014014014e+01,2.2673646073e-02,3.3786163809e-02,2.4904198250e-02,3.5577452978e-02,2.5979009836e-02,2.0695504856e-02
2.4159159159e+01,2.2596651827e-02,3.3896284267e-02,2.4671458517e-02,3.5657331314e-02,2.5918004214e-02,2.0613736944e-02
2.4304304304e+01,2.2518770242e-02,3.4006100812e-02,2.4439688166e-02,3.5728871929e-02,2.5854921299e-02,2.0531624466e-02
2.4449449449e+01,2.2440035449e-02,3.4115616090e-02,2.4208913548e-02,3.5792173345e-02,2.5789818649e-02,2.0449188870e-02
2.4594594595e+01,2.2360480829e-02,3.4224832708e-02,2.3979160045e-02,3.5847337687e-02,2.5722752960e-02,2.0366451029e-02
2.4739739740e+01,2.2280139018e-02,3.4333753236e-02,2.3750452088e-02,3.5894470454e-02,2.5653780066e-02,2.0283431254e-02
2.4884884885e+01,2.2199041925e-02,3.4442380208e-02,2.3522813177e-02,3.5933680306e-02,2.5582954938e-02,2.0200149311e-02
2.5030030030e+01,2.2117220742e-02,3.4550716120e-02,2.3296265902e-02,3.5965078836e-02,2.5510331683e-02,2.0116624431e-02
2.5175175175e+01,2.2034705957e-02,3.4658763432e-02,2.3070831964e-02,3.5988780371e-02,2.5435963545e-02,2.0032875321e-02
2.5320320320e+01,2.1951527364e-02,3.4766524571e-02,2.2846532191e-02,3.6004901758e-02,2.5359902905e-02,1.9948920181e-02
2.5465465465e+01,2.1867714081e-02,3.4874001929e-02,2.2623386560e-02,3.6013562167e-02,2.5282201287e-02,1.9864776711e-02
2.5610610611e+01,2.1783294553e-02,3.4981197863e-02,2.2401414214e-02,3.6014882898e-02,2.5202909356e-02,1.9780462125e-02
2.5755755756e+01,2.1698296573e-02,3.5088114701e-02,2.2180633482e-02,3.6008987190e-02,2.5122076925e-02,1.9695993162e-02
2.5900900901e+01,2.1612747288e-02,3.5194754735e-02,2.1961061896e-02,3.5996000036e-02,2.5039752954e-02,1.9611386099e-02
2.6046046046e+01,2.1526673213e-02,3.5301120226e-02,2.1742716207e-02,3.5976048009e-02,2.4955985560e-02,1.9526656759e-02
2.6191191191e+01,2.1440100242e-02,3.5407213407e-02,2.1525612406e-02,3.5949259087e-02,2.4870822018e-02,1.9441820522e-02
2.6336336336e+01,2.1353053660e-02,3.5513036476e-02,2.1309765741e-02,3.5915762483e-02,2.4784308767e-02,1.9356892338e-02
2.6481481481e+01,2.1265558153e-02,3.5618591606e-02,2.1095190732e-02,3.5875688490e-02,2.4696491414e-02,1.9271886736e-02
2.6626626627e+01,2.1177637820e-02,3.5723880937e-02,2.0881901188e-02,3.5829168320e-02,2.4607414742e-02,1.9186817834e-02
2.6771771772e+01,2.1089316185e-02,3.5828906582e-02,2.0669910224e-02,3.5776333957e-02,2.4517122718e-02,1.9101699348e-02
2.6916916917e+01,2.1000616206e-02,3.5933670626e-02,2.0459230277e-02,3.5717318007e-02,2.4425658494e-02,1.9016544602e-02
2.7062062062e+01,2.0911560289e-02,3.6038175125e-02,2.0249873125e-02,3.5652253562e-02,2.4333064418e-02,1.8931366538e-02
2.7207207207e+01,2.0822170294e-02,3.6142422111e-02,2.0041849896e-02,3.5581274066e-02,2.4239382040e-02,1.8846177725e-02
2.7352352352e+01,2.0732467550e-02,3.6246413585e-02,1.9835171089e-02,3.5504513184e-02,2.4144652120e-02,1.8760990368e-02
2.7497497497e+01,2.0642472861e-02,3.6350151525e-02,1.9629846586e-02,3.5422104675e-02,2.4048914636e-02,1.8675816318e-02
2.7642642643e+01,2.0552206521e-02,3.6453637884e-02,1.9425885670e-02,3.5334182281e-02,2.3952208789e-02,1.8590667075e-02
2.7787787788e+01,2.0461688321e-02,3.6556874586e-02,1.9223297036e-02,3.5240879604e-02,2.3854573015e-02,1.8505553805e-02
2.7932932933e+01,2.0370937559e-02,3.6659863533e-02,1.9022088808e-02,3.5142330002e-02,2.3756044992e-02,1.8420487342e-02
2.8078078078e+01,2.0279973051e-02,3.6762606604e-02,1.8822268550e-02,3.5038666485e-02,2.3656661645e-02,1.8335478197e-02
2.8223223223e+01,2.0188813141e-02,3.6865105652e-02,1.8623843285e-02,3.4930021613e-02,2.3556459160e-02,1.8250536568e-02
2.8368368368e+01,2.0097475707e-02,3.6967362506e-02,1.8426819504e-02,3.4816527400e-02,2.3455472989e-02,1.8165672346e-02
2.8513513514e+01,2.0005978175e-02,3.7069378973e-02,1.8231203179e-02,3.4698315230e-02,2.3353737861e-02,1.8080895123e-02
2.8658658659e+01,1.9914337526e-02,3.7171156839e-02,1.8036999781e-02,3.4575515762e-02,2.3251287789e-02,1.7996214198e-02
2.8803803804e+01,1.9822570305e-02,3.7272697865e-02,1.7844214287e-02,3.4448258856e-02,2.3148156080e-02,1.7911638587e-02
2.8948948949e+01,1.9730692629e-02,3.7374003792e-02,1.7652851199e-02,3.4316673492e-02,2.3044375343e-02,1.7827177025e-02
2.9094094094e+01,1.9638720198e-02,3.7475076339e-02,1.7462914549e-02,3.4180887697e-02,2.2939977503e-02,1.7742837980e-02
2.9239239239e+01,1.9546668303e-02,3.7575917203e-02,1.7274407917e-02,3.4041028476e-02,2.2834993801e-02,1.7658629653e-02
2.9384384384e+01,1.9454551833e-02,3.7676528063e-02,1.7087334440e-02,3.3897221749e-02,2.2729454812e-02,1.7574559989e-02
2.9529529530e+01,1.9362385285e-02,3.7776910575e-02,1.6901696826e-02,3.3749592284e-02,2.2623390451e-02,1.7490636679e-02
2.9674674675e+01,1.9270182770e-02,3.7877066375e-02,1.6717497363e-02,3.3598263646e-02,2.2516829980e-02,1.7406867171e-02
2.9819819820e+01,1.9177958025e-02,3.7976997081e-02,1.6534737933e-02,3.3443358137e-02,2.2409802021e-02,1.7323258674e-02
2.9964964965e+01,1.9085724416e-02,3.8076704291e-02,1.6353420019e-02,3.3284996750e-02,2.2302334565e-02,1.7239818162e-02
3.0110110110e+01,1.8993494951e-02,3.8176189583e-02,1.6173544721e-02,3.3123299119e-02,2.2194454979e-02,1.7156552382e-02
3.0255255255e+01,1.8901282282e-02,3.8275454518e-02,1.5995112762e-02,3.2958383475e-02,2.2086190015e-02,1.7073467861e-02
3.0400400400e+01,1.8809098717e-02,3.8374500637e-02,1.5818124502e-02,3.2790366607e-02,2.1977565824e-02,1.6990570907e-02
3.0545545546e+01,1.8716956227e-02,3.8473329465e-02,1.5642579946e-02,3.2619363822e-02,2.1868607959e-02,1.6907867620e-02
3.0690690691e+01,1.8624866449e-02,3.8571942506e-02,1.5468478757e-02,3.2445488913e-02,2.1759341390e-02,1.6825363891e-02
3.0835835836e+01,1.8532840700e-02,3.8670341249e-02,1.5295820260e-02,3.2268854125e-02,2.1649790510e-02,1.6743065414e-02
3.0980980981e+01,1.8440889976e-02,3.8768527166e-02,1.5124603458e-02,3.2089570126e-02,2.1539979144e-02,1.6660977685e-02
3.1126126126e+01,1.8349024965e-02,3.8666627390e-02,1.4954827038e-02,3.1907745984e-02,2.1429930559e-02,1.6579106011e-02
3.1271271271e+01,1.8257256053e-02,3.7672261723e-02,1.4786489382e-02,3.1723489136e-02,2.1319667474e-02,1.6497455512e-02
3.1416416416e+01,1.8165593328e-02,3.6707895871e-02,1.4619588575e-02,3.1536905377e-02,2.1209212067e-02,1.6416031127e-02
3.1561561562e+01,1.8074046587e-02,3.5772492361e-02,1.4454122412e-02,3.1348098831e-02,2.1098585986e-02,1.6334837621e-02
3.1706706707e+01,1.7982625344e-02,3.4865054136e-02,1.4290088413e-02,3.1157171940e-02,2.0987810356e-02,1.6253879584e-02
3.1851851852e+01,1.7891338836e-02,3.3984622805e-02,1.4127483824e-02,3.0964225450e-02,2.0876905790e-02,1.6173161438e-02
3.1996996997e+01,1.7800196027e-02,3.3130276976e-02,1.3966305630e-02,3.0769358395e-02,2.0765892396e-02,1.6092687445e-02
3.2142142142e+01,1.7709205618e-02,3.2301130668e-02,1.3806550563e-02,3.0572668091e-02,2.0654789786e-02,1.6012461704e-02
3.2287287287e+01,1.7618376047e-02,3.1496331800e-02,1.3648215108e-02,3.0374250125e-02,2.0543617085e-02,1.5932488162e-02
3.2432432432e+01,1.7527715501e-02,3.0715060751e-02,1.3491295513e-02,3.0174198349e-02,2.0432392939e-02,1.5852770611e-02
3.2577577578e+01,1.7437231917e-02,2.9956528981e-02,1.3335787795e-02,2.9972604876e-02,2.0321135526e-02,1.5773312699e-02
3.2722722723e+01,1.7346932991e-02,2.9219977726e-02,1.3181687748e-02,2.9769560078e-02,2.0209862559e-02,1.5694117929e-02
3.2867867868e+01,1.7256826180e-02,2.8504676746e-02,1.3028990952e-02,2.9565152583e-02,2.0098591301e-02,1.5615189664e-02
3.3013013013e+01,1.7166918711e-02,2.7809923133e-02,1.2877692778e-02,2.9359469276e-02,1.9987338568e-02,1.5536531131e-02
3.3158158158e+01,1.7077217583e-02,2.7135040175e-02,1.2727788396e-02,2.9152595302e-02,1.9876120739e-02,1.5458145423e-02
3.3303303303e+01,1.6987729573e-02,2.6479376269e-02,1.2579272783e-02,2.8944614067e-02,1.9764953763e-02,1.5380035506e-02
3.3448448448e+01,1.6898461244e-02,2.5842303890e-02,1.2432140727e-02,2.8735607243e-02,1.9653853170e-02,1.5302204217e-02
3.3593593594e+01,1.6809418946e-02,2.5223218597e-02,1.2286386838e-02,2.8525654777e-02,1.9542834076e-02,1.5224654272e-02
3.3738738739e+01,1.6720608821e-02,2.4621538092e-02,1.2142005549e-02,2.8314834893e-02,1.9431911190e-02,1.5147388268e-02
3.3883883884e+01,1.6632036810e-02,2.4036701316e-02,1.1998991127e-02,2.8103224105e-02,1.9321098826e-02,1.5070408683e-02
3.4029029029e+01,1.6543708659e-02,2.3468167591e-02,1.1857337678e-02,2.7890897223e-02,1.9210410905e-02,1.4993717885e-02
3.4174174174e+01,1.6455629916e-02,2.2915415796e-02,1.1717039151e-02,2.7677927365e-02,1.9099860965e-02,1.4917318128e-02
3.4319319319e+01,1.6367805946e-02,2.2377943578e-02,1.1578089346e-02,2.7464385966e-02,1.8989462172e-02,1.4841211561e-02
3.4464464464e+01,1.6280241927e-02,2.1855266604e-02,1.1440481921e-02,2.7250342795e-02,1.8879227320e-02,1.4765400227e-02
3.4609609610e+01,1.6192942857e-02,2.1346917842e-02,1.1304210393e-02,2.7035865963e-02,1.8769168844e-02,1.4689886067e-02
3.4754754755e+01,1.6105913560e-02,2.0852446872e-02,1.1169268150e-02,2.6821021938e-02,1.8659298823e-02,1.4614670924e-02
3.4899899900e+01,1.6019158688e-02,2.0371419231e-02,1.1035648450e-02,2.6605875562e-02,1.8549628992e-02,1.4539756542e-02
3.5045045045e+01,1.5932682724e-02,1.9903415782e-02,1.0903344430e-02,2.6390490066e-02,1.8440170743e-02,1.4465144573e-02
3.5190190190e+01,1.5846489991e-02,1.9448032119e-02,1.0772349113e-02,2.6174927081e-02,1.8330935137e-02,1.4390836576e-02
3.5335335335e+01,1.5760584649e-02,1.9004877982e-02,1.0642655408e-02,2.5959246661e-02,1.8221932907e-02,1.4316834022e-02
3.5480480480e+01,1.5674970702e-02,1.8573576716e-02,1.0514256117e-02,2.5743507298e-02,1.8113174464e-02,1.4243138295e-02
3.5625625626e+01,1.5589652005e-02,1.8153764739e-02,1.0387143942e-02,2.5527765938e-02,1.8004669910e-02,1.4169750693e-02
3.5770770771e+01,1.5504632261e-02,1.7745091038e-02,1.0261311489e-02,2.5312077999e-02,1.7896429035e-02,1.4096672434e-02
3.5915915916e+01,1.5419915030e-02,1.7347216685e-02,1.0136751268e-02,2.5096497394e-02,1.7788461332e-02,1.4023904654e-02
3.6061061061e+01,1.5335503730e-02,1.6959814378e-02,1.0013455705e-02,2.4881076545e-02,1.7680775996e-02,1.3951448414e-02
3.6206206206e+01,1.5251401639e-02,1.6582567994e-02,9.8914171405e-03,2.4665866404e-02,1.7573381934e-02,1.3879304696e-02
3.6351351351e+01,1.5167611903e-02,1.6215172167e-02,9.7706278361e-03,2.4450916474e-02,1.7466287773e-02,1.3807474411e-02
3.6496496496e+01,1.5084137534e-02,1.5857331877e-02,9.6510799788e-03,2.4236274829e-02,1.7359501860e-02,1.3735958398e-02
3.6641641642e+01,1.5000981416e-02,1.5508762067e-02,9.5327656844e-03,2.4021988130e-02,1.7253032271e-02,1.3664757424e-02
3.6786786787e+01,1.4918146309e-02,1.5169187261e-02,9.4156770019e-03,2.3808101653e-02,1.7146886820e-02,1.3593872191e-02
3.6931931932e+01,1.4835634849e-02,1.4838341212e-02,9.2998059174e-03,2.3594659303e-02,1.7041073058e-02,1.3523303334e-02
3.7077077077e+01,1.4753449554e-02,1.4515966556e-02,9.1851443576e-03,2.3381703638e-02,1.6935598283e-02,1.3453051424e-02
3.7222222222e+01,1.4671592825e-02,1.4201814483e-02,9.0716841936e-03,2.3169275890e-02,1.6830469544e-02,1.3383116970e-02
3.7367367367e+01,1.4590066949e-02,1.3895644418e-02,8.9594172447e-03,2.2957415985e-02,1.6725693647e-02,1.3313500422e-02
3.7512512513e+01,1.4508874102e-02,1.3597223722e-02,8.8483352815e-03,2.2746162567e-02,1.6621277161e-02,1.3244202167e-02
3.7657657658e+01,1.4428016354e-02,1.3306327400e-02,8.7384300299e-03,2.2535553016e-02,1.6517226420e-02,1.3175222539e-02
3.7802802803e+01,1.4347495667e-02,1.3022737820e-02,8.6296931738e-03,2.2325623471e-02,1.6413547531e-02,1.3106561814e-02
3.7947947948e+01,1.4267313903e-02,1.2746244444e-02,8.5221163587e-03,2.2116408850e-02,1.6310246379e-02,1.3038220217e-02
3.8093093093e+01,1.4187472820e-02,1.2476643576e-02,8.4156911950e-03,2.1907942877e-02,1.6207328629e-02,1.2970197916e-02
3.8238238238e+01,1.4107974084e-02,1.2213738110e-02,8.3104092607e-03,2.1700258095e-02,1.6104799734e-02,1.2902495032e-02
3.8383383383e+01,1.4028819259e-02,1.1957337293e-02,8.2062621047e-03,2.1493385895e-02,1.6002664940e-02,1.2835111635e-02
3.8528528529e+01,1.3950009823e-02,1.1707256501e-02,8.1032412493e-03,2.1287356532e-02,1.5900929288e-02,1.2768047747e-02
3.8673673674e+01,1.3871547158e-02,1.1463317017e-02,8.0013381937e-03,2.1082199150e-02,1.5799597618e-02,1.2701303343e-02
3.8818818819e+01,1.3793432561e-02,1.1225345820e-02,7.9005444163e-03,2.0877941801e-02,1.5698674578e-02,1.2634878355e-02
3.8963963964e+01,1.3715667241e-02,1.0993175388e-02,7.8008513772e-03,2.0674611468e-02,1.5598164624e-02,1.2568772667e-02
3.9109109109e+01,1.3638252327e-02,1.0766643495e-02,7.7022505216e-03,2.0472234086e-02,1.5498072028e-02,1.2502986123e-02
3.9254254254e+01,1.3561188862e-02,1.0545593035e-02,7.6047332814e-03,2.0270834559e-02,1.5398400877e-02,1.2437518527e-02
3.9399399399e+01,1.3484477811e-02,1.0329871835e-02,7.5082910783e-03,2.0070436788e-02,1.5299155085e-02,1.2372369639e-02
3.9544544545e+01,1.3408120064e-02,1.0119332484e-02,7.4129153261e-03,1.9871063686e-02,1.5200338387e-02,1.2307539184e-02
3.9689689690e+01,1.3332116432e-02,9.9138321705e-03,7.3185974327e-03,1.9672737200e-02,1.5101954353e-02,1.2243026845e-02
3.9834834835e+01,1.3256467656e-02,9.7132325195e-03,7.2253288028e-03,1.9475478333e-02,1.5004006386e-02,1.2178832273e-02
3.9979979980e+01,1.3181174402e-02,9.5173994402e-03,7.1331008399e-03,1.9279307162e-02,1.4906497727e-02,1.2114955079e-02
4.0125125125e+01,1.3106237269e-02,9.3262029790e-03,7.0419049485e-03,1.9084242860e-02,1.4809431458e-02,1.2051394843e-02
4.0270270270e+01,1.3031656787e-02,9.1395171769e-03,6.9517325360e-03,1.8890303715e-02,1.4712810511e-02,1.1988151111e-02
4.0415415415e+01,1.2957433421e-02,8.9572199332e-03,6.8625750149e-03,1.8697507150e-02,1.4616637663e-02,1.1925223394e-02
4.0560560561e+01,1.2883567571e-02,8.7791928741e-03,6.7744238049e-03,1.8505869741e-02,1.4520915546e-02,1.1862611175e-02
4.0705705706e+01,1.2810059575e-02,8.6053212259e-03,6.6872703342e-03,1.8315407239e-02,1.4425646649e-02,1.1800313905e-02
4.0850850851e+01,1.2736909710e-02,8.4354936934e-03,6.6011060421e-03,1.8126134588e-02,1.4330833320e-02,1.1738331006e-02
4.0995995996e+01,1.2664118193e-02,8.2696023426e-03,6.5159223803e-03,1.7938065942e-02,1.4236477771e-02,1.1676661871e-02
4.1141141141e+01,1.2591685184e-02,8.1075424880e-03,6.4317108148e-03,1.7751214686e-02,1.4142582082e-02,1.1615305867e-02
4.1286286286e+01,1.2519610789e-02,7.9492125832e-03,6.3484628274e-03,1.7565593453e-02,1.4049148201e-02,1.1554262332e-02
4.1431431431e+01,1.2447895056e-02,7.7945141170e-03,6.2661699176e-03,1.7381214144e-02,1.3956177950e-02,1.1493530580e-02
4.1576576577e+01,1.2376537983e-02,7.6433515118e-03,6.1848236038e-03,1.7198087944e-02,1.3863673027e-02,1.1433109900e-02
4.1721721722e+01,1.2305539515e-02,7.4956320270e-03,6.1044154254e-03,1.7016225339e-02,1.3771635011e-02,1.1372999557e-02
4.1866866867e+01,1.2234899547e-02,7.3512656647e-03,6.0249369435e-03,1.6835636138e-02,1.3680065361e-02,1.1313198790e-02
4.2012012012e+01,1.2164617926e-02,7.2101650802e-03,5.9463797430e-03,1.6656329484e-02,1.3588965423e-02,1.1253706820e-02
4.2157157157e+01,1.2094694451e-02,7.0722454942e-03,5.8687354335e-03,1.6478313874e-02,1.3498336431e-02,1.1194522843e-02
4.2302302302e+01,1.2025128877e-02,6.9374246095e-03,5.7919956510e-03,1.6301597179e-02,1.3408179510e-02,1.1135646034e-02
4.2447447447e+01,1.1955920912e-02,6.8056225302e-03,5.7161520589e-03,1.6126186654e-02,1.3318495678e-02,1.1077075551e-02
4.2592592593e+01,1.1887070221e-02,6.6767616834e-03,5.6411963494e-03,1.5952088959e-02,1.3229285851e-02,1.1018810528e-02
4.2737737738e+01,1.1818576429e-02,6.5507667441e-03,5.5671202445e-03,1.5779310171e-02,1.3140550844e-02,1.0960850084e-02
4.2882882883e+01,1.1750439117e-02,6.4275645631e-03,5.4939154975e-03,1.5607855805e-02,1.3052291372e-02,1.0903193317e-02
4.3028028028e+01,1.1682657830e-02,6.3070840967e-03,5.4215738938e-03,1.5437730825e-02,1.2964508056e-02,1.0845839308e-02
4.3173173173e+01,1.1615232071e-02,6.1892563396e-03,5.3500872519e-03,1.5268939660e-02,1.2877201424e-02,1.0788787124e-02
4.3318318318e+01,1.1548161308e-02,6.0740142593e-03,5.2794474248e-03,1.5101486220e-02,1.2790371912e-02,1.0732035811e-02
4.3463463463e+01,1.1481444972e-02,5.9612927341e-03,5.2096463007e-03,1.4935373912e-02,1.2704019870e-02,1.0675584403e-02
4.3608608609e+01,1.1415082458e-02,5.8510284918e-03,5.1406758041e-03,1.4770605649e-02,1.2618145560e-02,1.0619431918e-02
4.3753753754e+01,1.1349073129e-02,5.7431600515e-03,5.0725278966e-03,1.4607183871e-02,1.2532749162e-02,1.0563577358e-02
4.3898898899e+01,1.1283416313e-02,5.6376276676e-03,5.0051945777e-03,1.4445110554e-02,1.2447830772e-02,1.0508019714e-02
4.4044044044e+01,1.1218111307e-02,5.5343732746e-03,4.9386678861e-03,1.4284387227e-02,1.2363390410e-02,1.0452757961e-02
4.4189189189e+01,1.1153157377e-02,5.4333404350e-03,4.8729398999e-03,1.4125014980e-02,1.2279428017e-02,1.0397791063e-02
4.4334334334e+01,1.1088553758e-02,5.3344742882e-03,4.8080027377e-03,1.3966994485e-02,1.2195943460e-02,1.0343117969e-02
4.4479479479e+01,1.1024299656e-02,5.2377215020e-03,4.7438485594e-03,1.3810326003e-02,1.2112936533e-02,1.0288737621e-02
4.4624624625e+01,1.0960394252e-02,5.1430302246e-03,4.6804695667e-03,1.3655009398e-02,1.2030406960e-02,1.0234648944e-02
4.4769769770e+01,1.0896836694e-02,5.0503500391e-03,4.6178580040e-03,1.3501044151e-02,1.1948354394e-02,1.0180850857e-02
4.4914914915e+01,1.0833626109e-02,4.9596319197e-03,4.5560061590e-03,1.3348429369e-02,1.1866778423e-02,1.0127342265e-02
4.5060060060e+01,1.0770761595e-02,4.8708281883e-03,4.4949063630e-03,1.3197163801e-02,1.1785678570e-02,1.0074122066e-02
4.5205205205e+01,1.0708242227e-02,4.7838924739e-03,4.4345509919e-03,1.3047245847e-02,1.1705054294e-02,1.0021189147e-02
4.5350350350e+01,1.0646067055e-02,4.6987796722e-03,4.3749324667e-03,1.2898673569e-02,1.1624904994e-02,9.9685423870e-03
4.5495495495e+01,1.0584235107e-02,4.6154459077e-03,4.3160432538e-03,1.2751444704e-02,1.1545230009e-02,9.9161806547e-03
4.5640640641e+01,1.0522745388e-02,4.5338484959e-03,4.2578758657e-03,1.2605556675e-02,1.1466028619e-02,9.8641028122e-03
4.5785785786e+01,1.0461596883e-02,4.4539459074e-03,4.2004228615e-03,1.2461006598e-02,1.1387300050e-02,9.8123077133e-03
4.5930930931e+01,1.0400788553e-02,4.3756977336e-03,4.1436768472e-03,1.2317791299e-02,1.1309043472e-02,9.7607942045e-03
4.6076076076e+01,1.0340319343e-02,4.2990646524e-03,4.0876304761e-03,1.2175907318e-02,1.1231258004e-02,9.7095611255e-03
4.6221221221e+01,1.0280188175e-02,4.2240083960e-03,4.0322764496e-03,1.2035350923e-02,1.1153942713e-02,9.6586073090e-03
4.6366366366e+01,1.0220393955e-02,4.1504917197e-03,3.9776075171e-03,1.1896118119e-02,1.1077096615e-02,9.6079315818e-03
4.6511511512e+01,1.0160935569e-02,4.0784783708e-03,3.9236164765e-03,1.1758204655e-02,1.1000718680e-02,9.5575327647e-03
4.6656656657e+01,1.0101811888e-02,4.0079330599e-03,3.8702961749e-03,1.1621606038e-02,1.0924807831e-02,9.5074096728e-03
4.6801801802e+01,1.0043021764e-02,3.9388214319e-03,3.8176395081e-03,1.1486317539e-02,1.0849362946e-02,9.4575611161e-03
4.6946946947e+01,9.9845640354e-03,3.8711100388e-03,3.7656394219e-03,1.1352334203e-02,1.0774382858e-02,9.4079858998e-03
4.7092092092e+01,9.9264375230e-03,3.8047663128e-03,3.7142889116e-03,1.1219650856e-02,1.0699866359e-02,9.3586828244e-03
4.7237237237e+01,9.8686410340e-03,3.7397585407e-03,3.6635810225e-03,1.1088262117e-02,1.0625812201e-02,9.3096506861e-03
4.7382382382e+01,9.8111733610e-03,3.6760558390e-03,3.6135088502e-03,1.0958162403e-02,1.0552219094e-02,9.2608882773e-03
4.7527527528e+01,9.7540332832e-03,3.6136281293e-03,3.5640655408e-03,1.0829345940e-02,1.0479085712e-02,9.2123943866e-03
4.7672672673e+01,9.6972195666e-03,3.5524461157e-03,3.5152442909e-03,1.0701806770e-02,1.0406410691e-02,9.1641677991e-03
4.7817817818e+01,9.6407309646e-03,3.4924812613e-03,3.4670383481e-03,1.0575538755e-02,1.0334192632e-02,9.1162072970e-03
4.7962962963e+01,9.5845662188e-03,3.4337057670e-03,3.4194410107e-03,1.0450535593e-02,1.0262430099e-02,9.0685116595e-03
4.8108108108e+01,9.5287240592e-03,3.3760925500e-03,3.3724456285e-03,1.0326790815e-02,1.0191121627e-02,9.0210796633e-03
4.8253253253e+01,9.4732032047e-03,3.3196152230e-03,3.3260456022e-03,1.0204297803e-02,1.0120265715e-02,8.9739100828e-03
4.8398398398e+01,9.4180023640e-03,3.2642480748e-03,3.2802343839e-03,1.0083049788e-02,1.0049860832e-02,8.9270016901e-03
4.8543543544e+01,9.3631202355e-03,3.2099660509e-03,3.2350054772e-03,9.9630398615e-03,9.9799054192e-03,8.8803532557e-03
4.8688688689e+01,9.3085555084e-03,3.1567447344e-03,3.1903524373e-03,9.8442609815e-03,9.9103978864e-03,8.8339635484e-03
4.8833833834e+01,9.2543068625e-03,3.1045603285e-03,3.1462688706e-03,9.7267059786e-03,9.8413366168e-03,8.7878313355e-03
4.8978978979e+01,9.2003729692e-03,3.0533896388e-03,3.1027484354e-03,9.6103675624e-03,9.7727199666e-03,8.7419553833e-03
4.9124124124e+01,9.1467524916e-03,3.0032100560e-03,3.0597848416e-03,9.4952383279e-03,9.7045462665e-03,8.6963344570e-03
4.9269269269e+01,9.0934440850e-03,2.9539995400e-03,3.0173718507e-03,9.3813107615e-03,9.6368138223e-03,8.6509673213e-03
4.9414414414e+01,9.0404463974e-03,2.9057366036e-03,2.9755032757e-03,9.2685772465e-03,9.5695209162e-03,8.6058527401e-03
4.9559559560e+01,8.9877580700e-03,2.8584002971e-03,2.9341729815e-03,9.1570300693e-03,9.5026658075e-03,8.5609894770e-03
4.9704704705e+01,8.9353777372e-03,2.8119701936e-03,2.8933748844e-03,9.0466614246e-03,9.4362467335e-03,8.5163762956e-03
4.9849849850e+01,8.8833040273e-03,2.7664263740e-03,2.8531029523e-03,8.9374634211e-03,9.3702619108e-03,8.4720119594e-03
4.9994994995e+01,8.8315355629e-03,2.7217494134e-03,2.8133512048e-03,8.8294280864e-03,9.3047095357e-03,8.4278952322e-03
5.0140140140e+01,8.7800709610e-03,2.6779203672e-03,2.7741137129e-03,8.7225473725e-03,9.2395877853e-03,8.3840248781e-03
5.0285285285e+01,8.7289088336e-03,2.6349207579e-03,2.7353845987e-03,8.6168131604e-03,9.1748948182e-03,8.3403996618e-03
5.0430430430e+01,8.6780477880e-03,2.5927325625e-03,2.6971580361e-03,8.5122172652e-03,9.1106287754e-03,8.2970183487e-03
5.0575575576e+01,8.6274864271e-03,2.5513381998e-03,2.6594282499e-03,8.4087514407e-03,9.0467877813e-03,8.2538797052e-03
5.0720720721e+01,8.5772233496e-03,2.5107205183e-03,2.6221895161e-03,8.3064073838e-03,8.9833699440e-03,8.2109824986e-03
5.0865865866e+01,8.5272571505e-03,2.4708627849e-03,2.5854361618e-03,8.2051767392e-03,8.9203733564e-03,8.1683254974e-03
5.1011011011e+01,8.4775864215e-03,2.4317486731e-03,2.5491625648e-03,8.1050511036e-03,8.8577960971e-03,8.1259074716e-03
5.1156156156e+01,8.4282097510e-03,2.3933622522e-03,2.5133631539e-03,8.0060220298e-03,8.7956362305e-03,8.0837271924e-03
5.1301301301e+01,8.3791257245e-03,2.3556879767e-03,2.4780324084e-03,7.9080810308e-03,8.7338918082e-03,8.0417834330e-03
5.1446446446e+01,8.3303329252e-03,2.3187106757e-03,2.4431648580e-03,7.8112195837e-03,8.6725608693e-03,8.0000749680e-03
5.1591591592e+01,8.2818299337e-03,2.2824155432e-03,2.4087550829e-03,7.7154291334e-03,8.6116414410e-03,7.9586005739e-03
5.1736736737e+01,8.2336153289e-03,2.2467881279e-03,2.3747977134e-03,7.6207010967e-03,8.5511315395e-03,7.9173590296e-03
5.1881881882e+01,8.1856876877e-03,2.2118143241e-03,2.3412874297e-03,7.5270268653e-03,8.4910291706e-03,7.8763491156e-03
5.2027027027e+01,8.1380455856e-03,2.1774803622e-03,2.3082189618e-03,7.4343978098e-03,8.4313323302e-03,7.8355696150e-03
5.2172172172e+01,8.0906875970e-03,2.1437728002e-03,2.2755870895e-03,7.3428052826e-03,8.3720390049e-03,7.7950193131e-03
5.2317317317e+01,8.0436122950e-03,2.1106785145e-03,2.2433866420e-03,7.2522406216e-03,8.3131471729e-03,7.7546969977e-03
5.2462462462e+01,7.9968182523e-03,2.0781846920e-03,2.2116124974e-03,7.1626951530e-03,8.2546548039e-03,7.7146014593e-03
5.2607607608e+01,7.9503040408e-03,2.0462788215e-03,2.1802595833e-03,7.0741601944e-03,8.1965598604e-03,7.6747314908e-03
5.2752752753e+01,7.9040682322e-03,2.0149486861e-03,2.1493228759e-03,6.9866270580e-03,8.1388602979e-03,7.6350858882e-03
5.2897897898e+01,7.8581093983e-03,1.9841823553e-03,2.1187973998e-03,6.9000870531e-03,8.0815540654e-03,7.5956634502e-03
5.3043043043e+01,7.8124261106e-03,1.9539681777e-03,2.0886782284e-03,6.8145314892e-03,8.0246391059e-03,7.5564629784e-03
5.3188188188e+01,7.7670169414e-03,1.9242947734e-03,2.0589604829e-03,6.7299516784e-03,7.9681133572e-03,7.5174832777e-03
5.3333333333e+01,7.7218804632e-03,1.8951510275e-03,2.0296393325e-03,6.6463389379e-03,7.9119747520e-03,7.4787231558e-03
5.3478478478e+01,7.6770152493e-03,1.8665260827e-03,2.0007099941e-03,6.5636845930e-03,7.8562212185e-03,7.4401814241e-03
5.3623623624e+01,7.6324198742e-03,1.8384093330e-03,1.9721677321e-03,6.4819799790e-03,7.8008506812e-03,7.4018568968e-03
5.3768768769e+01,7.5880929131e-03,1.8107904168e-03,1.9440078580e-03,6.4012164436e-03,7.7458610607e-03,7.3637483918e-03
5.3913913914e+01,7.5440329427e-03,1.7836592112e-03,1.9162257302e-03,6.3213853492e-03,7.6912502749e-03,7.3258547305e-03
5.4059059059e+01,7.5002385411e-03,1.7570058257e-03,1.8888167537e-03,6.2424780753e-03,7.6370162387e-03,7.2881747376e-03
5.4204204204e+01,7.4567082881e-03,1.7308205958e-03,1.8617763802e-03,6.1644860199e-03,7.5831568649e-03,7.2507072417e-03
5.4349349349e+01,7.4134407652e-03,1.7050940778e-03,1.8351001073e-03,6.0874006024e-03,7.5296700646e-03,7.2134510748e-03
5.4494494494e+01,7.3704345559e-03,1.6798170431e-03,1.8087834785e-03,6.0112132648e-03,7.4765537472e-03,7.1764050728e-03
5.4639639640e+01,7.3276882457e-03,1.6549804725e-03,1.7828220830e-03,5.9359154738e-03,7.4238058213e-03,7.1395680755e-03
5.4784784785e+01,7.2852004225e-03,1.6305755511e-03,1.7572115552e-03,5.8614987226e-03,7.3714241945e-03,7.1029389263e-03
5.4929929930e+01,7.2429696765e-03,1.6065936629e-03,1.7319475747e-03,5.7879545327e-03,7.3194067745e-03,7.0665164727e-03
5.5075075075e+01,7.2009946004e-03,1.5830263864e-03,1.7070258657e-03,5.7152744555e-03,7.2677514688e-03,7.0302995663e-03
5.5220220220e+01,7.1592737896e-03,1.5598654891e-03,1.6824421970e-03,5.6434500735e-03,7.2164561851e-03,6.9942870624e-03
5.5365365365e+01,7.1178058424e-03,1.5371029228e-03,1.6581923816e-03,5.5724730025e-03,7.1655188323e-03,6.9584778208e-03
5.5510510511e+01,7.0765893599e-03,1.5147308195e-03,1.6342722764e-03,5.5023348925e-03,7.1149373199e-03,6.9228707050e-03
5.5655655656e+01,7.0356229464e-03,1.4927414864e-03,1.6106777819e-03,5.4330274293e-03,7.0647095589e-03,6.8874645830e-03
5.5800800801e+01,6.9949052091e-03,1.4711274019e-03,1.5874048419e-03,5.3645423360e-03,7.0148334620e-03,6.8522583270e-03
5.5945945946e+01,6.9544347588e-03,1.4498812112e-03,1.5644494433e-03,5.2968713738e-03,6.9653069439e-03,6.8172508134e-03
5.6091091091e+01,6.9142102096e-03,1.4289957222e-03,1.5418076157e-03,5.2300063437e-03,6.9161279215e-03,6.7824409228e-03
5.6236236236e+01,6.8742301790e-03,1.4084639012e-03,1.5194754311e-03,5.1639390875e-03,6.8672943141e-03,6.7478275404e-03
5.6381381381e+01,6.8344932882e-03,1.3882788699e-03,1.4974490036e-03,5.0986614889e-03,6.8188040440e-03,6.7134095557e-03
5.6526526527e+01,6.7949981621e-03,1.3684339004e-03,1.4757244892e-03,5.0341654743e-03,6.7706550365e-03,6.6791858626e-03
5.6671671672e+01,6.7557434295e-03,1.3489224124e-03,1.4542980855e-03,4.9704430144e-03,6.7228452201e-03,6.6451553594e-03
5.6816816817e+01,6.7167277229e-03,1.3297379694e-03,1.4331660311e-03,4.9074861247e-03,6.6753725270e-03,6.6113169490e-03
5.6961961962e+01,6.6779496791e-03,1.3108742749e-03,1.4123246057e-03,4.8452868665e-03,6.6282348932e-03,6.5776695389e-03
5.7107107107e+01,6.6394079388e-03,1.2923251695e-03,1.3917701296e-03,4.7838373478e-03,6.5814302587e-03,6.5442120410e-03
5.7252252252e+01,6.6011011468e-03,1.2740846269e-03,1.3714989632e-03,4.7231297243e-03,6.5349565678e-03,6.5109433719e-03
5.7397397397e+01,6.5630279525e-03,1.2561467515e-03,1.3515075071e-03,4.6631561997e-03,6.4888117692e-03,6.4778624527e-03
5.7542542543e+01,6.5251870091e-03,1.2385057747e-03,1.3317922015e-03,4.6039090271e-03,6.4429938165e-03,6.4449682093e-03
5.7687687688e+01,6.4875769748e-03,1.2211560520e-03,1.3123495259e-03,4.5453805091e-03,6.3975006679e-03,6.4122595722e-03
5.7832832833e+01,6.4501965119e-03,1.2040920599e-03,1.2931759990e-03,4.4875629987e-03,6.3523302870e-03,6.3797354765e-03
5.7977977978e+01,6.4130442874e-03,1.1873083933e-03,1.2742681781e-03,4.4304489002e-03,6.3074806426e-03,6.3473948621e-03
5.8123123123e+01,6.3761189728e-03,1.1707997626e-03,1.2556226590e-03,4.3740306692e-03,6.2629497088e-03,6.3152366736e-03
5.8268268268e+01,6.3394192446e-03,1.1545609906e-03,1.2372360757e-03,4.3183008135e-03,6.2187354656e-03,6.2832598604e-03
5.8413413413e+01,6.3029437838e-03,1.1385870102e-03,1.2191050998e-03,4.2632518936e-03,6.1748358988e-03,6.2514633766e-03
5.8558558559e+01,6.2666912762e-03,1.1228728619e-03,1.2012264405e-03,4.2088765232e-03,6.1312490000e-03,6.2198461811e-03
5.8703703704e+01,6.2306604127e-03,1.1074136908e-03,1.1835968443e-03,4.1551673694e-03,6.0879727673e-03,6.1884072376e-03
5.8848848849e+01,6.1948498888e-03,1.0922047444e-03,1.1662130944e-03,4.1021171534e-03,6.0450052047e-03,6.1571455146e-03
5.8993993994e+01,6.1592584054e-03,1.0772413705e-03,1.1490720107e-03,4.0497186506e-03,6.0023443231e-03,6.1260599855e-03
5.9139139139e+01,6.1238846682e-03,1.0625190141e-03,1.1321704490e-03,3.9979646912e-03,5.9599881397e-03,6.0951496284e-03
5.9284284284e+01,6.0887273879e-03,1.0480332159e-03,1.1155053016e-03,3.9468481605e-03,5.9179346786e-03,6.0644134264e-03
5.9429429429e+01,6.0537852806e-03,1.0337796095e-03,1.0990734959e-03,3.8963619989e-03,5.8761819709e-03,6.0338503674e-03
5.9574574575e+01,6.0190570674e-03,1.0197539198e-03,1.0828719948e-03,3.8464992024e-03,5.8347280544e-03,6.0034594440e-03
5.9719719720e+01,5.9845414746e-03,1.0059519602e-03,1.0668977964e-03,3.7972528228e-03,5.7935709744e-03,5.9732396539e-03
5.9864864865e+01,5.9502372339e-03,9.9236963117e-04,1.0511479332e-03,3.7486159680e-03,5.7527087832e-03,5.9431899996e-03
6.0010010010e+01,5.9161430823e-03,9.7900291779e-04,1.0356194722e-03,3.7005818020e-03,5.7121395407e-03,5.9133094884e-03
6.0155155155e+01,5.8822577621e-03,9.6584788811e-04,1.0203095144e-03,3.6531435449e-03,5.6718613142e-03,5.8835971327e-03
6.0300300300e+01,5.8485800209e-03,9.5290069109e-04,1.0052151946e-03,3.6062944737e-03,5.6318721786e-03,5.8540519495e-03
6.0445445445e+01,5.8151086118e-03,9.4015755478e-04,9.9033368118e-04,3.5600279217e-03,5.5921702165e-03,5.8246729611e-03
6.0590590591e+01,5.7818422933e-03,9.2761478450e-04,9.7566217550e-04,3.5143372789e-03,5.5527535183e-03,5.7954591942e-03
6.0735735736e+01,5.7487798295e-03,9.1526876110e-04,9.6119791184e-04,3.4692159921e-03,5.5136201825e-03,5.7664096808e-03
6.0880880881e+01,5.7159199899e-03,9.0311593923e-04,9.4693815700e-04,3.4246575647e-03,5.4747683152e-03,5.7375234576e-03
6.1026026026e+01,5.6832615496e-03,8.9115284564e-04,9.3288021003e-04,3.3806555571e-03,5.4361960309e-03,5.7087995664e-03
6.1171171171e+01,5.6508032891e-03,8.7937607759e-04,9.1902140189e-04,3.3372035864e-03,5.3979014522e-03,5.6802370536e-03
6.1316316316e+01,5.6185439946e-03,8.6778230124e-04,9.0535909519e-04,3.2942953267e-03,5.3598827100e-03,5.6518349707e-03
6.1461461461e+01,5.5864824580e-03,8.5636825006e-04,8.9189068389e-04,3.2519245086e-03,5.3221379433e-03,5.6235923741e-03
6.1606606607e+01,5.5546174767e-03,8.4513072337e-04,8.7861359295e-04,3.2100849196e-03,5.2846652996e-03,5.5955083251e-03
6.1751751752e+01,5.5229478537e-03,8.3406658484e-04,8.6552527808e-04,3.1687704038e-03,5.2474629350e-03,5.5675818898e-03
6.1896896897e+01,5.4914723978e-03,8.2317276105e-04,8.5262322544e-04,3.1279748620e-03,5.2105290140e-03,5.5398121392e-03
6.2042042042e+01,5.4601899234e-03,8.1244624007e-04,8.3990495133e-04,3.0876922513e-03,5.1738617096e-03,5.5121981494e-03
6.2187187187e+01,5.4290992507e-03,8.0188407010e-04,8.2736800189e-04,3.0479165854e-03,5.1374592037e-03,5.4847390010e-03
6.2332332332e+01,5.3981992053e-03,7.9148335816e-04,8.1500995282e-04,3.0086419342e-03,5.1013196867e-03,5.4574337797e-03
6.2477477477e+01,5.3674886190e-03,7.8124126874e-04,8.0282840911e-04,2.9698624236e-03,5.0654413577e-03,5.4302815762e-03
6.2622622623e+01,5.3369663289e-03,7.7115502256e-04,7.9082100470e-04,2.9315722356e-03,5.0298224248e-03,5.4032814857e-03
6.2767767768e+01,5.3066311781e-03,7.6122189531e-04,7.7898540223e-04,2.8937656081e-03,4.9944611049e-03,5.3764326086e-03
6.2912912913e+01,5.2764820154e-03,7.5143921645e-04,7.6731929276e-04,2.8564368345e-03,4.9593556236e-03,5.3497340499e-03
6.3058058058e+01,5.2465176953e-03,7.4180436802e-04,7.5582039544e-04,2.8195802637e-03,4.9245042158e-03,5.3231849196e-03
6.3203203203e+01,5.2167370783e-03,7.3231478350e-04,7.4448645727e-04,2.7831903000e-03,4.8899051251e-03,5.2967843325e-03
6.3348348348e+01,5.1871390302e-03,7.2296794667e-04,7.3331525282e-04,2.7472614024e-03,4.8555566041e-03,5.2705314081e-03
6.3493493493e+01,5.1577224231e-03,7.1376139052e-04,7.2230458390e-04,2.7117880852e-03,4.8214569147e-03,5.2444252708e-03
6.3638638639e+01,5.1284861347e-03,7.0469269617e-04,7.1145227933e-04,2.6767649170e-03,4.7876043275e-03,5.2184650497e-03
6.3783783784e+01,5.0994290483e-03,6.9575949184e-04,7.0075619466e-04,2.6421865209e-03,4.7539971226e-03,5.1926498789e-03
6.3928928929e+01,5.0705500532e-03,6.8695945182e-04,6.9021421185e-04,2.6080475740e-03,4.7206335889e-03,5.1669788971e-03
6.4074074074e+01,5.0418480445e-03,6.7829029546e-04,6.7982423906e-04,2.5743428074e-03,4.6875120247e-03,5.1414512479e-03
6.4219219219e+01,5.0133219230e-03,6.6974978621e-04,6.6958421033e-04,2.5410670058e-03,4.6546307374e-03,5.1160660794e-03
6.4364364364e+01,4.9849705954e-03,6.6133573068e-04,6.5949208532e-04,2.5082150072e-03,4.6219880435e-03,5.0908225446e-03
6.4509509510e+01,4.9567929741e-03,6.5304597770e-04,6.4954584907e-04,2.4757817027e-03,4.5895822688e-03,5.0657198014e-03
6.4654654655e+01,4.9287879772e-03,6.4487841742e-04,6.3974351169e-04,2.4437620361e-03,4.5574117484e-03,5.0407570121e-03
6.4799799800e+01,4.9009545289e-03,6.3683098041e-04,6.3008310812e-04,2.4121510037e-03,4.5254748266e-03,5.0159333438e-03
6.4944944945e+01,4.8732915589e-03,6.2890163683e-04,6.2056269787e-04,2.3809436541e-03,4.4937698567e-03,4.9912479685e-03
6.5090090090e+01,4.8457980027e-03,6.2108839555e-04,6.1118036474e-04,2.3501350876e-03,4.4622952018e-03,4.9667000627e-03
6.5235235235e+01,4.8184728018e-03,6.1338930335e-04,6.0193421658e-04,2.3197204562e-03,4.4310492337e-03,4.9422888074e-03
6.5380380380e+01,4.7913149032e-03,6.0580244411e-04,5.9282238502e-04,2.2896949631e-03,4.4000303340e-03,4.9180133885e-03
6.5525525526e+01,4.7643232597e-03,5.9832593803e-04,5.8384302522e-04,2.2600538624e-03,4.3692368931e-03,4.8938729965e-03
6.5670670671e+01,4.7374968301e-03,5.9095794087e-04,5.7499431561e-04,2.2307924589e-03,4.3386673111e-03,4.8698668263e-03
6.5815815816e+01,4.7108345788e-03,5.8369664316e-04,5.6627445763e-04,2.2019061077e-03,4.3083199971e-03,4.8459940778e-03
6.5960960961e+01,4.6843354757e-03,5.7654026953e-04,5.5768167553e-04,2.1733902136e-03,4.2781933696e-03,4.8222539550e-03
6.6106106106e+01,4.6579984968e-03,5.6948707795e-04,5.4921421603e-04,2.1452402312e-03,4.2482858565e-03,4.7986456668e-03
6.6251251251e+01,4.6318226236e-03,5.6253535904e-04,5.4087034816e-04,2.1174516644e-03,4.2185958947e-03,4.7751684267e-03
6.6396396396e+01,4.6058068434e-03,5.5568343542e-04,5.3264836298e-04,2.0900200659e-03,4.1891219307e-03,4.7518214524e-03
6.6541541542e+01,4.5799501492e-03,5.4892966098e-04,5.2454657332e-04,2.0629410369e-03,4.1598624200e-03,4.7286039664e-03
6.6686686687e+01,4.5542515396e-03,5.4227242031e-04,5.1656331356e-04,2.0362102270e-03,4.1308158275e-03,4.7055151956e-03
6.6831831832e+01,4.5287100189e-03,5.3571012799e-04,5.0869693942e-04,2.0098233335e-03,4.1019806274e-03,4.6825543714e-03
6.6976976977e+01,4.5033245971e-03,5.2924122801e-04,5.0094582763e-04,1.9837761012e-03,4.0733553031e-03,4.6597207298e-03
6.7122122122e+01,4.4780942900e-03,5.2286419316e-04,4.9330837582e-04,1.9580643222e-03,4.0449383471e-03,4.6370135111e-03
6.7267267267e+01,4.4530181186e-03,5.1657752443e-04,4.8578300218e-04,1.9326838351e-03,4.0167282612e-03,4.6144319599e-03
6.7412412412e+01,4.4280951100e-03,5.1037975040e-04,4.7836814527e-04,1.9076305251e-03,3.9887235566e-03,4.5919753256e-03
6.7557557558e+01,4.4033242967e-03,5.0426942675e-04,4.7106226382e-04,1.8829003235e-03,3.9609227534e-03,4.5696428616e-03
6.7702702703e+01,4.3787047166e-03,4.9824513562e-04,4.6386383645e-04,1.8584892070e-03,3.9333243810e-03,4.5474338260e-03
6.7847847848e+01,4.3542354136e-03,4.9230548513e-04,4.5677136146e-04,1.8343931978e-03,3.9059269781e-03,4.5253474811e-03
6.7992992993e+01,4.3299154368e-03,4.8644910882e-04,4.4978335664e-04,1.8106083630e-03,3.8787290921e-03,4.5033830936e-03
6.8138138138e+01,4.3057438410e-03,4.8067466512e-04,4.4289835899e-04,1.7871308142e-03,3.8517292801e-03,4.4815399345e-03
6.8283283283e+01,4.2817196865e-03,4.7498083691e-04,4.3611492456e-04,1.7639567073e-03,3.8249261079e-03,4.4598172791e-03
6.8428428428e+01,4.2578420392e-03,4.6936633094e-04,4.2943162819e-04,1.7410822419e-03,3.7983181505e-03,4.4382144069e-03
6.8573573574e+01,4.2341099703e-03,4.6382987739e-04,4.2284706330e-04,1.7185036610e-03,3.7719039919e-03,4.4167306020e-03
6.8718718719e+01,4.2105225566e-03,4.5837022943e-04,4.1635984168e-04,1.6962172508e-03,3.7456822252e-03,4.3953651523e-03
6.8863863864e+01,4.1870788804e-03,4.5298616267e-04,4.0996859330e-04,1.6742193400e-03,3.7196514524e-03,4.3741173504e-03
6.9009009009e+01,4.1637780293e-03,4.4767647479e-04,4.0367196605e-04,1.6525062998e-03,3.6938102847e-03,4.3529864927e-03
6.9154154154e+01,4.1406190965e-03,4.4243998508e-04,3.9746862560e-04,1.6310745432e-03,3.6681573421e-03,4.3319718801e-03
6.9299299299e+01,4.1176011805e-03,4.3727553396e-04,3.9135725510e-04,1.6099205248e-03,3.6426912534e-03,4.3110728174e-03
6.9444444444e+01,4.0947233852e-03,4.3218198261e-04,3.8533655508e-04,1.5890407404e-03,3.6174106566e-03,4.2902886139e-03
6.9589589590e+01,4.0719848199e-03,4.2715821255e-04,3.7940524316e-04,1.5684317265e-03,3.5923141983e-03,4.2696185828e-03
6.9734734735e+01,4.0493845991e-03,4.2220312521e-04,3.7356205390e-04,1.5480900602e-03,3.5674005342e-03,4.2490620414e-03
6.9879879880e+01,4.0269218428e-03,4.1731564156e-04,3.6780573857e-04,1.5280123584e-03,3.5426683286e-03,4.2286183112e-03
7.0025025025e+01,4.0045956762e-03,4.1249470170e-04,3.6213506499e-04,1.5081952781e-03,3.5181162548e-03,4.2082867179e-03
7.0170170170e+01,3.9824052299e-03,4.0773926450e-04,3.5654881730e-04,1.4886355151e-03,3.4937429945e-03,4.1880665909e-03
7.0315315315e+01,3.9603496397e-03,4.0304830724e-04,3.5104579576e-04,1.4693298044e-03,3.4695472386e-03,4.1679572640e-03
7.0460460460e+01,3.9384280466e-03,3.9842082522e-04,3.4562481659e-04,1.4502749197e-03,3.4455276862e-03,4.1479580748e-03
7.0605605606e+01,3.9166395968e-03,3.9385583141e-04,3.4028471178e-04,1.4314676726e-03,3.4216830456e-03,4.1280683651e-03
7.0750750751e+01,3.8949834419e-03,3.8935235612e-04,3.3502432887e-04,1.4129049127e-03,3.3980120332e-03,4.1082874805e-03
7.0895895896e+01,3.8734587384e-03,3.8490944666e-04,3.2984253077e-04,1.3945835270e-03,3.3745133743e-03,4.0886147706e-03
7.1041041041e+01,3.8520646482e-03,3.8052616699e-04,3.2473819561e-04,1.3765004396e-03,3.3511858027e-03,4.0690495891e-03
7.1186186186e+01,3.8308003382e-03,3.7620159741e-04,3.1971021651e-04,1.3586526113e-03,3.3280280608e-03,4.0495912933e-03
7.1331331331e+01,3.8096649805e-03,3.7193483424e-04,3.1475750144e-04,1.3410370393e-03,3.3050388994e-03,4.0302392448e-03
7.1476476476e+01,3.7886577522e-03,3.6772498951e-04,3.0987897301e-04,1.3236507567e-03,3.2822170776e-03,4.0109928088e-03
7.1621621622e+01,3.7677778355e-03,3.6357119065e-04,3.0507356830e-04,1.3064908324e-03,3.2595613633e-03,3.9918513545e-03
7.1766766767e+01,3.7470244178e-03,3.5947258020e-04,3.0034023871e-04,1.2895543705e-03,3.2370705324e-03,3.9728142549e-03
7.1911911912e+01,3.7263966913e-03,3.5542831551e-04,2.9567794975e-04,1.2728385098e-03,3.2147433695e-03,3.9538808867e-03
7.2057057057e+01,3.7058938533e-03,3.5143756847e-04,2.9108568087e-04,1.2563404241e-03,3.1925786672e-03,3.9350506308e-03
7.2202202202e+01,3.6855151062e-03,3.4749952520e-04,2.8656242533e-04,1.2400573209e-03,3.1705752266e-03,3.9163228713e-03
7.2347347347e+01,3.6652596571e-03,3.4361338581e-04,2.8210718997e-04,1.2239864420e-03,3.1487318569e-03,3.8976969966e-03
7.2492492492e+01,3.6451267182e-03,3.3977836414e-04,2.7771899511e-04,1.2081250624e-03,3.1270473755e-03,3.8791723986e-03
7.2637637638e+01,3.6251155067e-03,3.3599368743e-04,2.7339687432e-04,1.1924704904e-03,3.1055206081e-03,3.8607484729e-03
7.2782782783e+01,3.6052252445e-03,3.3225859617e-04,2.6913987430e-04,1.1770200671e-03,3.0841503883e-03,3.8424246189e-03
7.2927927928e+01,3.5854551584e-03,3.2857234374e-04,2.6494705471e-04,1.1617711659e-03,3.0629355581e-03,3.8242002397e-03
7.3073073073e+01,3.5658044802e-03,3.2493419624e-04,2.6081748800e-04,1.1467211925e-03,3.0418749672e-03,3.8060747419e-03
7.3218218218e+01,3.5462724465e-03,3.2134343223e-04,2.5675025924e-04,1.1318675843e-03,3.0209674736e-03,3.7880475359e-03
7.3363363363e+01,3.5268582984e-03,3.1779934247e-04,2.5274446600e-04,1.1172078102e-03,3.0002119430e-03,3.7701180357e-03
7.3508508509e+01,3.5075612821e-03,3.1430122973e-04,2.4879921816e-04,1.1027393701e-03,2.9796072492e-03,3.7522856590e-03
7.3653653654e+01,3.4883806484e-03,3.1084840853e-04,2.4491363778e-04,1.0884597947e-03,2.9591522739e-03,3.7345498268e-03
7.3798798799e+01,3.4693156529e-03,3.0744020493e-04,2.4108685892e-04,1.0743666451e-03,2.9388459065e-03,3.7169099640e-03
7.3943943944e+01,3.4503655559e-03,3.0407595632e-04,2.3731802752e-04,1.0604575126e-03,2.9186870443e-03,3.6993654989e-03
7.4089089089e+01,3.4315296223e-03,3.0075501121e-04,2.3360630123e-04,1.0467300182e-03,2.8986745925e-03,3.6819158632e-03
7.4234234234e+01,3.4128071216e-03,2.9747672901e-04,2.2995084927e-04,1.0331818125e-03,2.8788074638e-03,3.6645604924e-03
7.4379379379e+01,3.3941973282e-03,2.9424047982e-04,2.2635085230e-04,1.0198105749e-03,2.8590845787e-03,3.6472988253e-03
7.4524524525e+01,3.3756995209e-03,2.9104564427e-04,2.2280550224e-04,1.0066140138e-03,2.8395048652e-03,3.6301303042e-03
7.4669669670e+01,3.3573129831e-03,2.8789161327e-04,2.1931400216e-04,9.9358986630e-04,2.8200672592e-03,3.6130543748e-03
7.4814814815e+01,3.3390370028e-03,2.8477778786e-04,2.1587556611e-04,9.8073589728e-04,2.8007707038e-03,3.5960704863e-03
7.4959959960e+01,3.3208708725e-03,2.8170357902e-04,2.1248941903e-04,9.6804989972e-04,2.7816141500e-03,3.5791780913e-03
7.5105105105e+01,3.3028138892e-03,2.7866840745e-04,2.0915479653e-04,9.5552969408e-04,2.7625965559e-03,3.5623766459e-03
7.5250250250e+01,3.2848653545e-03,2.7567170345e-04,2.0587094486e-04,9.4317312805e-04,2.7437168874e-03,3.5456656093e-03
7.5395395395e+01,3.2670245744e-03,2.7271290667e-04,2.0263712067e-04,9.3097807626e-04,2.7249741175e-03,3.5290444444e-03
7.5540540541e+01,3.2492908592e-03,2.6979146603e-04,1.9945259094e-04,9.1894243999e-04,2.7063672267e-03,3.5125126171e-03
7.5685685686e+01,3.2316635239e-03,2.6690683944e-04,1.9631663284e-04,9.0706414682e-04,2.6878952028e-03,3.4960695969e-03
7.5830830831e+01,3.2141418877e-03,2.6405849374e-04,1.9322853359e-04,8.9534115035e-04,2.6695570409e-03,3.4797148563e-03
7.5975975976e+01,3.1967252742e-03,2.6124590448e-04,1.9018759032e-04,8.8377142994e-04,2.6513517432e-03,3.4634478715e-03
7.6121121121e+01,3.1794130113e-03,2.5846855575e-04,1.8719310996e-04,8.7235299036e-04,2.6332783193e-03,3.4472681215e-03
7.6266266266e+01,3.1622044313e-03,2.5572594007e-04,1.8424440912e-04,8.6108386154e-04,2.6153357857e-03,3.4311750888e-03
7.6411411411e+01,3.1450988709e-03,2.5301755822e-04,1.8134081393e-04,8.4996209826e-04,2.5975231663e-03,3.4151682591e-03
7.6556556557e+01,3.1280956708e-03,2.5034291905e-04,1.7848165997e-04,8.3898577987e-04,2.5798394917e-03,3.3992471213e-03
7.6701701702e+01,3.1111941761e-03,2.4770153942e-04,1.7566629210e-04,8.2815301002e-04,2.5622837999e-03,3.3834111674e-03
7.6846846847e+01,3.0943937363e-03,2.4509294395e-04,1.7289406435e-04,8.1746191634e-04,2.5448551356e-03,3.3676598927e-03
7.6991991992e+01,3.0776937047e-03,2.4251666496e-04,1.7016433982e-04,8.0691065019e-04,2.5275525506e-03,3.3519927955e-03
7.7137137137e+01,3.0610934392e-03,2.3997224232e-04,1.6747649056e-04,7.9649738640e-04,2.5103751035e-03,3.3364093773e-03
7.7282282282e+01,3.0445923016e-03,2.3745922327e-04,1.6482989743e-04,7.8622032296e-04,2.4933218598e-03,3.3209091428e-03
7.7427427427e+01,3.0281896579e-03,2.3497716233e-04,1.6222394999e-04,7.7607768076e-04,2.4763918918e-03,3.3054915996e-03
7.7572572573e+01,3.0118848782e-03,2.3252562117e-04,1.5965804642e-04,7.6606770333e-04,2.4595842787e-03,3.2901562585e-03
7.7717717718e+01,2.9956773367e-03,2.3010416844e-04,1.5713159336e-04,7.5618865657e-04,2.4428981061e-03,3.2749026333e-03
7.7862862863e+01,2.9795664117e-03,2.2771237972e-04,1.5464400584e-04,7.4643882847e-04,2.4263324667e-03,3.2597302410e-03
7.8008008008e+01,2.9635514854e-03,2.2534983730e-04,1.5219470714e-04,7.3681652890e-04,2.4098864595e-03,3.2446386013e-03
7.8153153153e+01,2.9476319442e-03,2.2301613016e-04,1.4978312869e-04,7.2732008927e-04,2.3935591904e-03,3.2296272372e-03
7.8298298298e+01,2.9318071784e-03,2.2071085378e-04,1.4740870997e-04,7.1794786234e-04,2.3773497716e-03,3.2146956746e-03
7.8443443443e+01,2.9160765821e-03,2.1843361004e-04,1.4507089840e-04,7.0869822194e-04,2.3612573220e-03,3.1998434422e-03
7.8588588589e+01,2.9004395538e-03,2.1618400715e-04,1.4276914923e-04,6.9956956274e-04,2.3452809670e-03,3.1850700719e-03
7.8733733734e+01,2.8848954954e-03,2.1396165947e-04,1.4050292545e-04,6.9056029994e-04,2.3294198382e-03,3.1703750983e-03
7.8878878879e+01,2.8694438131e-03,2.1176618746e-04,1.3827169767e-04,6.8166886912e-04,2.3136730740e-03,3.1557580592e-03
7.9024024024e+01,2.8540839167e-03,2.0959721755e-04,1.3607494403e-04,6.7289372589e-04,2.2980398188e-03,3.1412184949e-03
7.9169169169e+01,2.8388152200e-03,2.0745438201e-04,1.3391215009e-04,6.6423334575e-04,2.2825192235e-03,3.1267559489e-03
7.9314314314e+01,2.8236371406e-03,2.0533731891e-04,1.3178280875e-04,6.5568622376e-04,2.2671104452e-03,3.1123699674e-03
7.9459459459e+01,2.8085491000e-03,2.0324567195e-04,1.2968642013e-04,6.4725087438e-04,2.2518126472e-03,3.0980600995e-03
7.9604604605e+01,2.7935505232e-03,2.0117909041e-04,1.2762249148e-04,6.3892583116e-04,2.2366249993e-03,3.0838258972e-03
7.9749749750e+01,2.7786408393e-03,1.9913722903e-04,1.2559053712e-04,6.3070964660e-04,2.2215466770e-03,3.0696669151e-03
7.9894894895e+01,2.7638194810e-03,1.9711974792e-04,1.2359007826e-04,6.2260089182e-04,2.2065768623e-03,3.0555827108e-03
8.0040040040e+01,2.7490858846e-03,1.9512631249e-04,1.2162064302e-04,6.1459815641e-04,2.1917147431e-03,3.0415728445e-03
8.0185185185e+01,2.7344394902e-03,1.9315659331e-04,1.1968176624e-04,6.0670004817e-04,2.1769595133e-03,3.0276368793e-03
8.0330330330e+01,2.7198797417e-03,1.9121026605e-04,1.1777298945e-04,5.9890519289e-04,2.1623103729e-03,3.0137743809e-03
8.0475475475e+01,2.7054060864e-03,1.8928701141e-04,1.1589386073e-04,5.9121223414e-04,2.1477665278e-03,2.9999849179e-03
8.0620620621e+01,2.6910179755e-03,1.8738651499e-04,1.1404393469e-04,5.8361983303e-04,2.1333271898e-03,2.9862680614e-03
8.0765765766e+01,2.6767148635e-03,1.8550846725e-04,1.1222277232e-04,5.7612666803e-04,2.1189915768e-03,2.9726233854e-03
8.0910910911e+01,2.6624962087e-03,1.8365256339e-04,1.1042994092e-04,5.6873143472e-04,2.1047589121e-03,2.9590504663e-03
8.1056056056e+01,2.6483614730e-03,1.8181850329e-04,1.0866501404e-04,5.6143284562e-04,2.0906284253e-03,2.9455488834e-03
8.1201201201e+01,2.6343101215e-03,1.8000599143e-04,1.0692757137e-04,5.5422962992e-04,2.0765993513e-03,2.9321182186e-03
8.1346346346e+01,2.6203416233e-03,1.7821473679e-04,1.0521719865e-04,5.4712053335e-04,2.0626709311e-03,2.9187580564e-03
8.1491491491e+01,2.6064554507e-03,1.7644445281e-04,1.0353348762e-04,5.4010431791e-04,2.0488424111e-03,2.9054679837e-03
8.1636636637e+01,2.5926510795e-03,1.7469485728e-04,1.0187603591e-04,5.3317976169e-04,2.0351130436e-03,2.8922475903e-03
8.1781781782e+01,2.5789279889e-03,1.7296567228e-04,1.0024444696e-04,5.2634565870e-04,2.0214820863e-03,2.8790964684e-03
8.1926926927e+01,2.5652856617e-03,1.7125662412e-04,9.8638329982e-05,5.1960081862e-04,2.0079488025e-03,2.8660142129e-03
8.2072072072e+01,2.5517235841e-03,1.6956744325e-04,9.7057299816e-05,5.1294406665e-04,1.9945124611e-03,2.8530004210e-03
8.2217217217e+01,2.5382412455e-03,1.6789786418e-04,9.5500976902e-05,5.0637424329e-04,1.9811723366e-03,2.8400546926e-03
8.2362362362e+01,2.5248381388e-03,1.6624762544e-04,9.3968987186e-05,4.9989020415e-04,1.9679277087e-03,2.8271766301e-03
8.2507507508e+01,2.5115137602e-03,1.6461646951e-04,9.2460962047e-05,4.9349081977e-04,1.9547778626e-03,2.8143658384e-03
8.2652652653e+01,2.4982676093e-03,1.6300414272e-04,9.0976538221e-05,4.8717497544e-04,1.9417220890e-03,2.8016219248e-03
8.2797797798e+01,2.4850991890e-03,1.6141039524e-04,8.9515357731e-05,4.8094157100e-04,1.9287596838e-03,2.7889444991e-03
8.2942942943e+01,2.4720080053e-03,1.5983498095e-04,8.8077067810e-05,4.7478952066e-04,1.9158899483e-03,2.7763331736e-03
8.3088088088e+01,2.4589935678e-03,1.5827765743e-04,8.6661320832e-05,4.6871775281e-04,1.9031121891e-03,2.7637875630e-03
8.3233233233e+01,2.4460553889e-03,1.5673818589e-04,8.5267774242e-05,4.6272520988e-04,1.8904257178e-03,2.7513072844e-03
8.3378378378e+01,2.4331929847e-03,1.5521633109e-04,8.3896090484e-05,4.5681084812e-04,1.8778298515e-03,2.7388919572e-03
8.3523523524e+01,2.4204058741e-03,1.5371186129e-04,8.2545936932e-05,4.5097363744e-04,1.8653239123e-03,2.7265412033e-03
8.3668668669e+01,2.4076935794e-03,1.5222454820e-04,8.1216985824e-05,4.4521256124e-04,1.8529072274e-03,2.7142546471e-03
8.3813813814e+01,2.3950556260e-03,1.5075416690e-04,7.9908914192e-05,4.3952661625e-04,1.8405791291e-03,2.7020319151e-03
8.3958958959e+01,2.3824915425e-03,1.4930049582e-04,7.8621403797e-05,4.3391481234e-04,1.8283389549e-03,2.6898726363e-03
8.4104104104e+01,2.3700008605e-03,1.4786331667e-04,7.7354141066e-05,4.2837617235e-04,1.8161860470e-03,2.6777764420e-03
8.4249249249e+01,2.3575831148e-03,1.4644241435e-04,7.6106817021e-05,4.2290973197e-04,1.8041197529e-03,2.6657429658e-03
8.4394394394e+01,2.3452378432e-03,1.4503757696e-04,7.4879127220e-05,4.1751453951e-04,1.7921394249e-03,2.6537718434e-03
8.4539539540e+01,2.3329645867e-03,1.4364859571e-04,7.3670771695e-05,4.1218965581e-04,1.7802444201e-03,2.6418627133e-03
8.4684684685e+01,2.3207628892e-03,1.4227526486e-04,7.2481454883e-05,4.0693415401e-04,1.7684341008e-03,2.6300152156e-03
8.4829829830e+01,2.3086322977e-03,1.4091738171e-04,7.1310885574e-05,4.0174711945e-04,1.7567078338e-03,2.6182289933e-03
8.4974974975e+01,2.2965723621e-03,1.3957474650e-04,7.0158776840e-05,3.9662764949e-04,1.7450649908e-03,2.6065036911e-03
8.5120120120e+01,2.2845826354e-03,1.3824716240e-04,6.9024845984e-05,3.9157485335e-04,1.7335049483e-03,2.5948389562e-03
8.5265265265e+01,2.2726626735e-03,1.3693443546e-04,6.7908814477e-05,3.8658785198e-04,1.7220270877e-03,2.5832344380e-03
8.5410410410e+01,2.2608120353e-03,1.3563637453e-04,6.6810407897e-05,3.8166577787e-04,1.7106307948e-03,2.5716897881e-03
8.5555555556e+01,2.2490302825e-03,1.3435279127e-04,6.5729355877e-05,3.7680777496e-04,1.6993154602e-03,2.5602046602e-03
8.5700700701e+01,2.2373169799e-03,1.3308350004e-04,6.4665392045e-05,3.7201299845e-04,1.6880804791e-03,2.5487787102e-03
8.5845845846e+01,2.2256716950e-03,1.3182831791e-04,6.3618253967e-05,3.6728061466e-04,1.6769252515e-03,2.5374115961e-03
8.5990990991e+01,2.2140939982e-03,1.3058706458e-04,6.2587683094e-05,3.6260980090e-04,1.6658491816e-03,2.5261029782e-03
8.6136136136e+01,2.2025834630e-03,1.2935956238e-04,6.1573424705e-05,3.5799974533e-04,1.6548516785e-03,2.5148525187e-03
8.6281281281e+01,2.1911396653e-03,1.2814563616e-04,6.0575227857e-05,3.5344964680e-04,1.6439321556e-03,2.5036598822e-03
8.6426426426e+01,2.1797621841e-03,1.2694511332e-04,5.9592845325e-05,3.4895871474e-04,1.6330900307e-03,2.4925247352e-03
8.6571571572e+01,2.1684506012e-03,1.2575782373e-04,5.8626033556e-05,3.4452616899e-04,1.6223247263e-03,2.4814467462e-03
8.6716716717e+01,2.1572045010e-03,1.2458359970e-04,5.7674552615e-05,3.4015123971e-04,1.6116356689e-03,2.4704255860e-03
8.6861861862e+01,2.1460234709e-03,1.2342227594e-04,5.6738166131e-05,3.3583316720e-04,1.6010222899e-03,2.4594609273e-03
8.7007007007e+01,2.1349071008e-03,1.2227368953e-04,5.5816641253e-05,3.3157120179e-04,1.5904840245e-03,2.4485524450e-03
8.7152152152e+01,2.1238549834e-03,1.2113767986e-04,5.4909748592e-05,3.2736460373e-04,1.5800203126e-03,2.4376998159e-03
8.7297297297e+01,2.1128667142e-03,1.2001408862e-04,5.4017262177e-05,3.2321264303e-04,1.5696305982e-03,2.4269027187e-03
8.7442442442e+01,2.1019418913e-03,1.1890275973e-04,5.3138959408e-05,3.1911459934e-04,1.5593143295e-03,2.4161608345e-03
8.7587587588e+01,2.0910801155e-03,1.1780353937e-04,5.2274621001e-05,3.1506976183e-04,1.5490709590e-03,2.4054738459e-03
8.7732732733e+01,2.0802809901e-03,1.1671627585e-04,5.1424030950e-05,3.1107742909e-04,1.5388999434e-03,2.3948414380e-03
8.7877877878e+01,2.0695441213e-03,1.1564081965e-04,5.0586976473e-05,3.0713690896e-04,1.5288007435e-03,2.3842632973e-03
8.8023023023e+01,2.0588691177e-03,1.1457702338e-04,4.9763247968e-05,3.0324751843e-04,1.5187728242e-03,2.3737391128e-03
8.8168168168e+01,2.0482555906e-03,1.1352474169e-04,4.8952638970e-05,2.9940858356e-04,1.5088156546e-03,2.3632685751e-03
8.8313313313e+01,2.0377031538e-03,1.1248383131e-04,4.8154946105e-05,2.9561943928e-04,1.4989287077e-03,2.3528513768e-03
8.8458458458e+01,2.0272114239e-03,1.1145415096e-04,4.7369969043e-05,2.9187942937e-04,1.4891114606e-03,2.3424872125e-03
8.8603603604e+01,2.0167800196e-03,1.1043556136e-04,4.6597510458e-05,2.8818790625e-04,1.4793633944e-03,2.3321757787e-03
8.8748748749e+01,2.0064085626e-03,1.0942792518e-04,4.5837375984e-05,2.8454423095e-04,1.4696839943e-03,2.3219167735e-03
8.8893893894e+01,1.9960966768e-03,1.0843110699e-04,4.5089374172e-05,2.8094777295e-04,1.4600727491e-03,2.3117098974e-03
8.9039039039e+01,1.9858439887e-03,1.0744497329e-04,4.4353316449e-05,2.7739791007e-04,1.4505291518e-03,2.3015548523e-03
8.9184184184e+01,1.9756501273e-03,1.0646939240e-04,4.3629017075e-05,2.7389402838e-04,1.4410526992e-03,2.2914513422e-03
8.9329329329e+01,1.9655147241e-03,1.0550423450e-04,4.2916293104e-05,2.7043552208e-04,1.4316428920e-03,2.2813990730e-03
8.9474474474e+01,1.9554374129e-03,1.0454937158e-04,4.2214964343e-05,2.6702179341e-04,1.4222992347e-03,2.2713977521e-03
8.9619619620e+01,1.9454178301e-03,1.0360467737e-04,4.1524853313e-05,2.6365225252e-04,1.4130212354e-03,2.2614470891e-03
8.9764764765e+01,1.9354556144e-03,1.0267002738e-04,4.0845785209e-05,2.6032631739e-04,1.4038084062e-03,2.2515467952e-03
8.9909909910e+01,1.9255504068e-03,1.0174529885e-04,4.0177587863e-05,2.5704341369e-04,1.3946602629e-03,2.2416965835e-03
9.0055055055e+01,1.9157018511e-03,1.0083037068e-04,3.9520091703e-05,2.5380297474e-04,1.3855763249e-03,2.2318961687e-03
9.0200200200e+01,1.9059095929e-03,9.9925123465e-05,3.8873129718e-05,2.5060444136e-04,1.3765561155e-03,2.2221452675e-03
9.0345345345e+01,1.8961732805e-03,9.9029439444e-05,3.8236537422e-05,2.4744726177e-04,1.3675991613e-03,2.2124435983e-03
9.0490490490e+01,1.8864925645e-03,9.8143202465e-05,3.7610152812e-05,2.4433089154e-04,1.3587049929e-03,2.2027908811e-03
9.0635635636e+01,1.8768670978e-03,9.7266297973e-05,3.6993816340e-05,2.4125479343e-04,1.3498731443e-03,2.1931868378e-03
9.0780780781e+01,1.8672965356e-03,9.6398612984e-05,3.6387370870e-05,2.3821843736e-04,1.3411031530e-03,2.1836311920e-03
9.0925925926e+01,1.8577805352e-03,9.5540036057e-05,3.5790661647e-05,2.3522130026e-04,1.3323945603e-03,2.1741236690e-03
9.1071071071e+01,1.8483187565e-03,9.4690457275e-05,3.5203536261e-05,2.3226286602e-04,1.3237469107e-03,2.1646639958e-03
9.1216216216e+01,1.8389108615e-03,9.3849768217e-05,3.4625844616e-05,2.2934262535e-04,1.3151597524e-03,2.1552519010e-03
9.1361361361e+01,1.8295565143e-03,9.3017861941e-05,3.4057438891e-05,2.2646007576e-04,1.3066326371e-03,2.1458871151e-03
9.1506506507e+01,1.8202553815e-03,9.2194632957e-05,3.3498173510e-05,2.2361472140e-04,1.2981651197e-03,2.1365693701e-03
9.1651651652e+01,1.8110071317e-03,9.1379977205e-05,3.2947905110e-05,2.2080607302e-04,1.2897567588e-03,2.1272983997e-03
9.1796796797e+01,1.8018114358e-03,9.0573792038e-05,3.2406492507e-05,2.1803364785e-04,1.2814071162e-03,2.1180739393e-03
9.1941941942e+01,1.7926679669e-03,8.9775976195e-05,3.1873796665e-05,2.1529696954e-04,1.2731157570e-03,2.1088957259e-03
9.2087087087e+01,1.7835764001e-03,8.8986429785e-05,3.1349680664e-05,2.1259556807e-04,1.2648822499e-03,2.0997634981e-03
9.2232232232e+01,1.7745364128e-03,8.8205054261e-05,3.0834009671e-05,2.0992897965e-04,1.2567061667e-03,2.0906769961e-03
9.2377377377e+01,1.7655476846e-03,8.7431752404e-05,3.0326650906e-05,2.0729674666e-04,1.2485870826e-03,2.0816359619e-03
9.2522522523e+01,1.7566098970e-03,8.6666428304e-05,2.9827473616e-05,2.0469841756e-04,1.2405245758e-03,2.0726401388e-03
9.2667667668e+01,1.7477227339e-03,8.5908987336e-05,2.9336349040e-05,2.0213354678e-04,1.2325182281e-03,2.0636892719e-03
9.2812812813e+01,1.7388858810e-03,8.5159336142e-05,2.8853150387e-05,1.9960169471e-04,1.2245676242e-03,2.0547831078e-03
9.2957957958e+01,1.7300990262e-03,8.4417382617e-05,2.8377752800e-05,1.9710242755e-04,1.2166723523e-03,2.0459213947e-03
9.3103103103e+01,1.7213618596e-03,8.3683035883e-05,2.7910033333e-05,1.9463531728e-04,1.2088320034e-03,2.0371038824e-03
9.3248248248e+01,1.7126740731e-03,8.2956206275e-05,2.7449870917e-05,1.9219994154e-04,1.2010461718e-03,2.0283303220e-03
9.3393393393e+01,1.7040353608e-03,8.2236805323e-05,2.6997146341e-05,1.8979588362e-04,1.1933144551e-03,2.0196004665e-03
9.3538538539e+01,1.6954454189e-03,8.1524745733e-05,2.6551742215e-05,1.8742273231e-04,1.1856364537e-03,2.0109140702e-03
9.3683683684e+01,1.6869039455e-03,8.0819941370e-05,2.6113542951e-05,1.8508008189e-04,1.1780117712e-03,2.0022708889e-03
9.3828828829e+01,1.6784106405e-03,8.0122307239e-05,2.5682434730e-05,1.8276753200e-04,1.1704400142e-03,1.9936706801e-03
9.3973973974e+01,1.6699652062e-03,7.9431759474e-05,2.5258305482e-05,1.8048468764e-04,1.1629207924e-03,1.9851132024e-03
9.4119119119e+01,1.6615673465e-03,7.8748215313e-05,2.4841044855e-05,1.7823115903e-04,1.1554537183e-03,1.9765982165e-03
9.4264264264e+01,1.6532167675e-03,7.8071593089e-05,2.4430544194e-05,1.7600656156e-04,1.1480384076e-03,1.9681254839e-03
9.4409409409e+01,1.6449131772e-03,7.7401812210e-05,2.4026696513e-05,1.7381051577e-04,1.1406744788e-03,1.9596947681e-03
9.4554554555e+01,1.6366562854e-03,7.6738793144e-05,2.3629396468e-05,1.7164264720e-04,1.1333615534e-03,1.9513058338e-03
9.4699699700e+01,1.6284458039e-03,7.6082457403e-05,2.3238540341e-05,1.6950258638e-04,1.1260992557e-03,1.9429584471e-03
9.4844844845e+01,1.6202814464e-03,7.5432727530e-05,2.2854026006e-05,1.6738996877e-04,1.1188872131e-03,1.9346523757e-03
9.4989989990e+01,1.6121629286e-03,7.4789527081e-05,2.2475752913e-05,1.6530443464e-04,1.1117250556e-03,1.9263873888e-03
9.5135135135e+01,1.6040899678e-03,7.4152780613e-05,2.2103622060e-05,1.6324562905e-04,1.1046124161e-03,1.9181632566e-03
9.5280280280e+01,1.5960622835e-03,7.3522413665e-05,2.1737535971e-05,1.6121320180e-04,1.0975489306e-03,1.9099797513e-03
9.5425425425e+01,1.5880795968e-03,7.2898352749e-05,2.1377398675e-05,1.5920680731e-04,1.0905342374e-03,1.9018366459e-03
9.5570570571e+01,1.5801416307e-03,7.2280525333e-05,2.1023115683e-05,1.5722610460e-04,1.0835679779e-03,1.8937337153e-03
9.5715715716e+01,1.5722481102e-03,7.1668859828e-05,2.0674593965e-05,1.5527075724e-04,1.0766497963e-03,1.8856707355e-03
9.5860860861e+01,1.5643987618e-03,7.1063285573e-05,2.0331741926e-05,1.5334043324e-04,1.0697793392e-03,1.8776474840e-03
9.6006006006e+01,1.5565933142e-03,7.0463732823e-05,1.9994469392e-05,1.5143480504e-04,1.0629562563e-03,1.8696637395e-03
9.6151151151e+01,1.5488314974e-03,6.9870132735e-05,1.9662687580e-05,1.4955354942e-04,1.0561801997e-03,1.8617192822e-03
9.6296296296e+01,1.5411130436e-03,6.9282417356e-05,1.9336309084e-05,1.4769634747e-04,1.0494508243e-03,1.8538138936e-03
9.6441441441e+01,1.5334376866e-03,6.8700519608e-05,1.9015247849e-05,1.4586288449e-04,1.0427677875e-03,1.8459473566e-03
9.6586586587e+01,1.5258051619e-03,6.8124373280e-05,1.8699419156e-05,1.4405284999e-04,1.0361307496e-03,1.8381194554e-03
9.6731731732e+01,1.5182152069e-03,6.7553913008e-05,1.8388739598e-05,1.4226593757e-04,1.0295393732e-03,1.8303299754e-03
9.6876876877e+01,1.5106675605e-03,6.6989074271e-05,1.8083127064e-05,1.4050184493e-04,1.0229933237e-03,1.8225787035e-03
9.7022022022e+01,1.5031619636e-03,6.6429793374e-05,1.7782500713e-05,1.3876027377e-04,1.0164922690e-03,1.8148654278e-03
9.7167167167e+01,1.4956981585e-03,6.5876007437e-05,1.7486780965e-05,1.3704092975e-04,1.0100358795e-03,1.8071899377e-03
9.7312312312e+01,1.4882758895e-03,6.5327654384e-05,1.7195889472e-05,1.3534352245e-04,1.0036238280e-03,1.7995520238e-03
9.7457457457e+01,1.4808949024e-03,6.4784672932e-05,1.6909749105e-05,1.3366776528e-04,9.9725579022e-04,1.7919514782e-03
9.7602602603e+01,1.4735549447e-03,6.4247002578e-05,1.6628283938e-05,1.3201337549e-04,9.9093144392e-04,1.7843880942e-03
9.7747747748e+01,1.4662557655e-03,6.3714583591e-05,1.6351419221e-05,1.3038007406e-04,9.8465046956e-04,1.7768616661e-03
9.7892892893e+01,1.4589971156e-03,6.3187356996e-05,1.6079081372e-05,1.2876758567e-04,9.7841254999e-04,1.7693719899e-03
9.8038038038e+01,1.4517787476e-03,6.2665264569e-05,1.5811197953e-05,1.2717563867e-04,9.7221737048e-04,1.7619188624e-03
9.8183183183e+01,1.4446004155e-03,6.2148248823e-05,1.5547697658e-05,1.2560396502e-04,9.6606461872e-04,1.7545020820e-03
9.8328328328e+01,1.4374618750e-03,6.1636252997e-05,1.5288510289e-05,1.2405230021e-04,9.5995398479e-04,1.7471214480e-03
9.8473473473e+01,1.4303628833e-03,6.1129221049e-05,1.5033566745e-05,1.2252038327e-04,9.5388516114e-04,1.7397767613e-03
9.8618618619e+01,1.4233031995e-03,6.0627097642e-05,1.4782799006e-05,1.2100795667e-04,9.4785784256e-04,1.7324678237e-03
9.8763763764e+01,1.4162825839e-03,6.0129828138e-05,1.4536140111e-05,1.1951476631e-04,9.4187172620e-04,1.7251944383e-03
9.8908908909e+01,1.4093007986e-03,5.9637358585e-05,1.4293524146e-05,1.1804056145e-04,9.3592651150e-04,1.7179564094e-03
9.9054054054e+01,1.4023576072e-03,5.9149635709e-05,1.4054886229e-05,1.1658509469e-04,9.3002190020e-04,1.7107535426e-03
9.9199199199e+01,1.3954527749e-03,5.8666606903e-05,1.3820162491e-05,1.1514812191e-04,9.2415759635e-04,1.7035856445e-03
9.9344344344e+01,1.3885860683e-03,5.8188220221e-05,1.3589290065e-05,1.1372940220e-04,9.1833330622e-04,1.6964525229e-03
9.9489489489e+01,1.3817572557e-03,5.7714424365e-05,1.3362207067e-05,1.1232869789e-04,9.1254873836e-04,1.6893539869e-03
9.9634634635e+01,1.3749661068e-03,5.7245168678e-05,1.3138852581e-05,1.1094577442e-04,9.0680360353e-04,1.6822898467e-03
9.9779779780e+01,1.3682123929e-03,5.6780403133e-05,1.2919166648e-05,1.0958040037e-04,9.0109761469e-04,1.6752599136e-03
9.9924924925e+01,1.3614958867e-03,5.6320078329e-05,1.2703090248e-05,1.0823234736e-04,8.9543048702e-04,1.6682640001e-03
1.0007007007e+02,1.3548163625e-03,5.5864145477e-05,1.2490565288e-05,1.0690139007e-04,8.8980193786e-04,1.6613019198e-03
1.0021521522e+02,1.3481735959e-03,5.5412556394e-05,1.2281534586e-05,1.0558730613e-04,8.8421168670e-04,1.6543734874e-03
1.0036036036e+02,1.3415673642e-03,5.4965263494e-05,1.2075941858e-05,1.0428987615e-04,8.7865945518e-04,1.6474785188e-03
1.0050550551e+02,1.3349974459e-03,5.4522219782e-05,1.1873731705e-05,1.0300888362e-04,8.7314496707e-04,1.6406168310e-03
1.0065065065e+02,1.3284636212e-03,5.4083378840e-05,1.1674849598e-05,1.0174411492e-04,8.6766794824e-04,1.6337882421e-03
1.0079579580e+02,1.3219656716e-03,5.3648694827e-05,1.1479241867e-05,1.0049535923e-04,8.6222812665e-04,1.6269925712e-03
1.0094094094e+02,1.3155033799e-03,5.3218122464e-05,1.1286855684e-05,9.9262408564e-05,8.5682523235e-04,1.6202296386e-03
1.0108608609e+02,1.3090765307e-03,5.2791617032e-05,1.1097639057e-05,9.8045057653e-05,8.5145899743e-04,1.6134992657e-03
1.0123123123e+02,1.3026849096e-03,5.2369134360e-05,1.0911540807e-05,9.6843103965e-05,8.4612915604e-04,1.6068012750e-03
1.0137637638e+02,1.2963283039e-03,5.1950630818e-05,1.0728510567e-05,9.5656347643e-05,8.4083544434e-04,1.6001354898e-03
1.0152152152e+02,1.2900065020e-03,5.1536063313e-05,1.0548498760e-05,9.4484591477e-05,8.3557760051e-04,1.5935017349e-03
1.0166666667e+02,1.2837192940e-03,5.1125389277e-05,1.0371456594e-05,9.3327640868e-05,8.3035536474e-04,1.5868998359e-03
1.0181181181e+02,1.2774664710e-03,5.0718566666e-05,1.0197336045e-05,9.2185303790e-05,8.2516847917e-04,1.5803296194e-03
1.0195695696e+02,1.2712478259e-03,5.0315553944e-05,1.0026089849e-05,9.1057390759e-05,8.2001668792e-04,1.5737909132e-03
1.0210210210e+02,1.2650631525e-03,4.9916310085e-05,9.8576714852e-06,8.9943714796e-05,8.1489973707e-04,1.5672835460e-03
1.0224724725e+02,1.2589122464e-03,4.9520794561e-05,9.6920351717e-06,8.8844091398e-05,8.0981737461e-04,1.5608073477e-03
1.0239239239e+02,1.2527949040e-03,4.9128967335e-05,9.5291358485e-06,8.7758338500e-05,8.0476935047e-04,1.5543621490e-03
1.0253753754e+02,1.2467109236e-03,4.8740788859e-05,9.3689291687e-06,8.6686276443e-05,7.9975541646e-04,1.5479477818e-03
1.0268268268e+02,1.2406601043e-03,4.8356220061e-05,9.2113714872e-06,8.5627727945e-05,7.9477532631e-04,1.5415640790e-03
1.0282782783e+02,1.2346422469e-03,4.7975222343e-05,9.0564198498e-06,8.4582518068e-05,7.8982883559e-04,1.5352108744e-03
1.0297297297e+02,1.2286571532e-03,4.7597757575e-05,8.9040319830e-06,8.3550474185e-05,7.8491570176e-04,1.5288880029e-03
1.0311811812e+02,1.2227046265e-03,4.7223788084e-05,8.7541662827e-06,8.2531425948e-05,7.8003568410e-04,1.5225953003e-03
1.0326326326e+02,1.2167844713e-03,4.6853276654e-05,8.6067818049e-06,8.1525205264e-05,7.7518854374e-04,1.5163326034e-03
1.0340840841e+02,1.2108964933e-03,4.6486186513e-05,8.4618382546e-06,8.0531646255e-05,7.7037404361e-04,1.5100997500e-03
1.0355355355e+02,1.2050404995e-03,4.6122481336e-05,8.3192959765e-06,7.9550585239e-05,7.6559194845e-04,1.5038965789e-03
1.0369869870e+02,1.1992162983e-03,4.5762125229e-05,8.1791159448e-06,7.8581860690e-05,7.6084202478e-04,1.4977229300e-03
1.0384384384e+02,1.1934236991e-03,4.5405082730e-05,8.0412597535e-06,7.7625313220e-05,7.5612404090e-04,1.4915786437e-03
1.0398898899e+02,1.1876625128e-03,4.5051318802e-05,7.9056896069e-06,7.6680785540e-05,7.5143776687e-04,1.4854635619e-03
1.0413413413e+02,1.1819325513e-03,4.4700798826e-05,7.7723683102e-06,7.5748122439e-05,7.4678297449e-04,1.4793775271e-03
1.0427927928e+02,1.1762336277e-03,4.4353488596e-05,7.6412592599e-06,7.4827170755e-05,7.4215943730e-04,1.4733203829e-03
1.0442442442e+02,1.1705655566e-03,4.4009354313e-05,7.5123264354e-06,7.3917779343e-05,7.3756693056e-04,1.4672919738e-03
1.0456956957e+02,1.1649281535e-03,4.3668362582e-05,7.3855343890e-06,7.3019799056e-05,7.3300523121e-04,1.4612921451e-03
1.0471471471e+02,1.1593212352e-03,4.3330480403e-05,7.2608482379e-06,7.2133082710e-05,7.2847411793e-04,1.4553207431e-03
1.0485985986e+02,1.1537446198e-03,4.2995675168e-05,7.1382336548e-06,7.1257485064e-05,7.2397337102e-04,1.4493776152e-03
1.0500500501e+02,1.1481981263e-03,4.2663914655e-05,7.0176568598e-06,7.0392862790e-05,7.1950277249e-04,1.4434626095e-03
1.0515015015e+02,1.1426815752e-03,4.2335167025e-05,6.8990846115e-06,6.9539074450e-05,7.1506210599e-04,1.4375755751e-03
1.0529529530e+02,1.1371947880e-03,4.2009400814e-05,6.7824841989e-06,6.8695980470e-05,7.1065115679e-04,1.4317163619e-03
1.0544044044e+02,1.1317375872e-03,4.1686584929e-05,6.6678234330e-06,6.7863443112e-05,7.0626971182e-04,1.4258848207e-03
1.0558558559e+02,1.1263097967e-03,4.1366688645e-05,6.5550706391e-06,6.7041326456e-05,7.0191755960e-04,1.4200808034e-03
1.0573073073e+02,1.1209112415e-03,4.1049681595e-05,6.4441946480e-06,6.6229496370e-05,6.9759449025e-04,1.4143041625e-03
1.0587587588e+02,1.1155417476e-03,4.0735533774e-05,6.3351647890e-06,6.5427820487e-05,6.9330029550e-04,1.4085547516e-03
1.0602102102e+02,1.1102011421e-03,4.0424215525e-05,6.2279508816e-06,6.4636168184e-05,6.8903476862e-04,1.4028324249e-03
1.0616616617e+02,1.1048892535e-03,4.0115697541e-05,6.1225232281e-06,6.3854410557e-05,6.8479770449e-04,1.3971370379e-03
1.0631131131e+02,1.0996059110e-03,3.9809950856e-05,6.0188526060e-06,6.3082420398e-05,6.8058889949e-04,1.3914684464e-03
1.0645645646e+02,1.0943509453e-03,3.9506946845e-05,5.9169102606e-06,6.2320072170e-05,6.7640815159e-04,1.3858265076e-03
1.0660160160e+02,1.0891241879e-03,3.9206657215e-05,5.8166678979e-06,6.1567241990e-05,6.7225526025e-04,1.3802110792e-03
1.0674674675e+02,1.0839254715e-03,3.8909054004e-05,5.7180976769e-06,6.0823807603e-05,6.6813002647e-04,1.3746220199e-03
1.0689189189e+02,1.0787546298e-03,3.8614109575e-05,5.6211722032e-06,6.0089648362e-05,6.6403225272e-04,1.3690591890e-03
1.0703703704e+02,1.0736114978e-03,3.8321796612e-05,5.5258645215e-06,5.9364645203e-05,6.5996174300e-04,1.3635224470e-03
1.0718218218e+02,1.0684959112e-03,3.8032088118e-05,5.4321481090e-06,5.8648680629e-05,6.5591830277e-04,1.3580116550e-03
1.0732732733e+02,1.0634077071e-03,3.7744957406e-05,5.3399968685e-06,5.7941638687e-05,6.5190173895e-04,1.3525266749e-03
1.0747247247e+02,1.0583467235e-03,3.7460378100e-05,5.2493851220e-06,5.7243404945e-05,6.4791185995e-04,1.3470673695e-03
1.0761761762e+02,1.0533127993e-03,3.7178324130e-05,5.1602876038e-06,5.6553866474e-05,6.4394847558e-04,1.3416336024e-03
1.0776276276e+02,1.0483057747e-03,3.6898769724e-05,5.0726794543e-06,5.5872911829e-05,6.4001139712e-04,1.3362252380e-03
1.0790790791e+02,1.0433254907e-03,3.6621689409e-05,4.9865362133e-06,5.5200431027e-05,6.3610043726e-04,1.3308421415e-03
1.0805305305e+02,1.0383717895e-03,3.6347058006e-05,4.9018338144e-06,5.4536315528e-05,6.3221541009e-04,1.3254841789e-03
1.0819819820e+02,1.0334445142e-03,3.6074850624e-05,4.8185485781e-06,5.3880458216e-05,6.2835613113e-04,1.3201512169e-03
1.0834334334e+02,1.0285435090e-03,3.5805042660e-05,4.7366572061e-06,5.3232753380e-05,6.2452241726e-04,1.3148431231e-03
1.0848848849e+02,1.0236686189e-03,3.5537609790e-05,4.6561367753e-06,5.2593096695e-05,6.2071408675e-04,1.3095597659e-03
1.0863363363e+02,1.0188196901e-03,3.5272527971e-05,4.5769647319e-06,5.1961385204e-05,6.1693095924e-04,1.3043010144e-03
1.0877877878e+02,1.0139965697e-03,3.5009773436e-05,4.4991188855e-06,5.1337517299e-05,6.1317285573e-04,1.2990667384e-03
1.0892392392e+02,1.0091991058e-03,3.4749322687e-05,4.4225774035e-06,5.0721392705e-05,6.0943959856e-04,1.2938568087e-03
1.0906906907e+02,1.0044271475e-03,3.4491152494e-05,4.3473188055e-06,5.0112912459e-05,6.0573101141e-04,1.2886710966e-03
1.0921421421e+02,9.9968054482e-04,3.4235239895e-05,4.2733219574e-06,4.9511978894e-05,6.0204691928e-04,1.2835094744e-03
1.0935935936e+02,9.9495914868e-04,3.3981562186e-05,4.2005660665e-06,4.8918495623e-05,5.9838714848e-04,1.2783718148e-03
1.0950450450e+02,9.9026281106e-04,3.3730096923e-05,4.1290306759e-06,4.8332367520e-05,5.9475152666e-04,1.2732579917e-03
1.0964964965e+02,9.8559138485e-04,3.3480821915e-05,4.0586956589e-06,4.7753500704e-05,5.9113988271e-04,1.2681678794e-03
1.0979479479e+02,9.8094472387e-04,3.3233715224e-05,3.9895412144e-06,4.7181802523e-05,5.8755204685e-04,1.2631013530e-03
1.0993993994e+02,9.7632268286e-04,3.2988755160e-05,3.9215478611e-06,4.6617181536e-05,5.8398785056e-04,1.2580582885e-03
1.1008508509e+02,9.7172511753e-04,3.2745920277e-05,3.8546964330e-06,4.6059547498e-05,5.8044712657e-04,1.2530385624e-03
1.1023023023e+02,9.6715188446e-04,3.2505189373e-05,3.7889680741e-06,4.5508811346e-05,5.7692970888e-04,1.2480420521e-03
1.1037537538e+02,9.6260284119e-04,3.2266541484e-05,3.7243442337e-06,4.4964885177e-05,5.7343543274e-04,1.2430686356e-03
1.1052052052e+02,9.5807784612e-04,3.2029955882e-05,3.6608066614e-06,4.4427682241e-05,5.6996413463e-04,1.2381181917e-03
1.1066566567e+02,9.5357675859e-04,3.1795412072e-05,3.5983374025e-06,4.3897116919e-05,5.6651565224e-04,1.2331905998e-03
1.1081081081e+02,9.4909943883e-04,3.1562889790e-05,3.5369187932e-06,4.3373104709e-05,5.6308982449e-04,1.2282857401e-03
1.1095595596e+02,9.4464574793e-04,3.1332368999e-05,3.4765334560e-06,4.2855562216e-05,5.5968649150e-04,1.2234034936e-03
1.1110110110e+02,9.4021554790e-04,3.1103829885e-05,3.4171642954e-06,4.2344407131e-05,5.5630549461e-04,1.2185437416e-03
1.1124624625e+02,9.3580870162e-04,3.0877252858e-05,3.3587944932e-06,4.1839558220e-05,5.5294667632e-04,1.2137063666e-03
1.1139139139e+02,9.3142507281e-04,3.0652618545e-05,3.3014075041e-06,4.1340935308e-05,5.4960988031e-04,1.2088912514e-03
1.1153653654e+02,9.2706452610e-04,3.0429907791e-05,3.2449870515e-06,4.0848459266e-05,5.4629495145e-04,1.2040982797e-03
1.1168168168e+02,9.2272692694e-04,3.0209101652e-05,3.1895171230e-06,4.0362051999e-05,5.4300173575e-04,1.1993273358e-03
1.1182682683e+02,9.1841214167e-04,2.9990181396e-05,3.1349819666e-06,3.9881636428e-05,5.3973008037e-04,1.1945783046e-03
1.1197197197e+02,9.1412003746e-04,2.9773128501e-05,3.0813660864e-06,3.9407136478e-05,5.3647983363e-04,1.1898510718e-03
1.1211711712e+02,9.0985048231e-04,2.9557924648e-05,3.0286542381e-06,3.8938477067e-05,5.3325084497e-04,1.1851455237e-03
1.1226226226e+02,9.0560334507e-04,2.9344551721e-05,2.9768314259e-06,3.8475584090e-05,5.3004296496e-04,1.1804615474e-03
1.1240740741e+02,9.0137849543e-04,2.9132991808e-05,2.9258828976e-06,3.8018384407e-05,5.2685604528e-04,1.1757990303e-03
1.1255255255e+02,8.9717580389e-04,2.8923227191e-05,2.8757941414e-06,3.7566805831e-05,5.2368993871e-04,1.1711578608e-03
1.1269769770e+02,8.9299514178e-04,2.8715240349e-05,2.8265508818e-06,3.7120777114e-05,5.2054449914e-04,1.1665379279e-03
1.1284284284e+02,8.8883638123e-04,2.8509013956e-05,2.7781390757e-06,3.6680227935e-05,5.1741958156e-04,1.1619391210e-03
1.1298798799e+02,8.8469939520e-04,2.8304530875e-05,2.7305449092e-06,3.6245088887e-05,5.1431504202e-04,1.1573613304e-03
1.1313313313e+02,8.8058405743e-04,2.8101774158e-05,2.6837547932e-06,3.5815291467e-05,5.1123073764e-04,1.1528044470e-03
1.1327827828e+02,8.7649024247e-04,2.7900727042e-05,2.6377553607e-06,3.5390768062e-05,5.0816652663e-04,1.1482683623e-03
1.1342342342e+02,8.7241782567e-04,2.7701372950e-05,2.5925334624e-06,3.4971451938e-05,5.0512226822e-04,1.1437529682e-03
1.1356856857e+02,8.6836668315e-04,2.7503695486e-05,2.5480761638e-06,3.4557277228e-05,5.0209782273e-04,1.1392581577e-03
1.1371371371e+02,8.6433669182e-04,2.7307678434e-05,2.5043707416e-06,3.4148178920e-05,4.9909305148e-04,1.1347838240e-03
1.1385885886e+02,8.6032772937e-04,2.7113305752e-05,2.4614046803e-06,3.3744092847e-05,4.9610781685e-04,1.1303298611e-03
1.1400400400e+02,8.5633967426e-04,2.6920561578e-05,2.4191656688e-06,3.3344955674e-05,4.9314198223e-04,1.1258961636e-03
1.1414914915e+02,8.5237240570e-04,2.6729430219e-05,2.3776415975e-06,3.2950704889e-05,4.9019541202e-04,1.1214826266e-03
1.1429429429e+02,8.4842580369e-04,2.6539896156e-05,2.3368205545e-06,3.2561278792e-05,4.8726797165e-04,1.1170891460e-03
1.1443943944e+02,8.4449974896e-04,2.6351944036e-05,2.2966908229e-06,3.2176616481e-05,4.8435952751e-04,1.1127156182e-03
1.1458458458e+02,8.4059412301e-04,2.6165558674e-05,2.2572408776e-06,3.1796657845e-05,4.8146994703e-04,1.1083619401e-03
1.1472972973e+02,8.3670880806e-04,2.5980725050e-05,2.2184593820e-06,3.1421343553e-05,4.7859909859e-04,1.1040280093e-03
1.1487487487e+02,8.3284368710e-04,2.5797428307e-05,2.1803351852e-06,3.1050615041e-05,4.7574685156e-04,1.0997137241e-03
1.1502002002e+02,8.2899864384e-04,2.5615653747e-05,2.1428573190e-06,3.0684414505e-05,4.7291307628e-04,1.0954189832e-03
1.1516516517e+02,8.2517356272e-04,2.5435386833e-05,2.1060149949e-06,3.0322684891e-05,4.7009764403e-04,1.0911436858e-03
1.1531031031e+02,8.2136832890e-04,2.5256613184e-05,2.0697976013e-06,2.9965369880e-05,4.6730042708e-04,1.0868877320e-03
1.1545545546e+02,8.1758282828e-04,2.5079318574e-05,2.0341947005e-06,2.9612413885e-05,4.6452129863e-04,1.0826510222e-03
1.1560060060e+02,8.1381694746e-04,2.4903488930e-05,1.9991960262e-06,2.9263762039e-05,4.6176013280e-04,1.0784334575e-03
1.1574574575e+02,8.1007057376e-04,2.4729110330e-05,1.9647914804e-06,2.8919360182e-05,4.5901680467e-04,1.0742349396e-03
1.1589089089e+02,8.0634359519e-04,2.4556169003e-05,1.9309711310e-06,2.8579154856e-05,4.5629119023e-04,1.0700553706e-03
1.1603603604e+02,8.0263590049e-04,2.4384651324e-05,1.8977252089e-06,2.8243093294e-05,4.5358316639e-04,1.0658946533e-03
1.1618118118e+02,7.9894737907e-04,2.4214543816e-05,1.8650441055e-06,2.7911123412e-05,4.5089261098e-04,1.0617526909e-03
1.1632632633e+02,7.9527792104e-04,2.4045833143e-05,1.8329183701e-06,2.7583193797e-05,4.4821940271e-04,1.0576293875e-03
1.1647147147e+02,7.9162741721e-04,2.3878506114e-05,1.8013387075e-06,2.7259253701e-05,4.4556342121e-04,1.0535246473e-03
1.1661661662e+02,7.8799575905e-04,2.3712549679e-05,1.7702959751e-06,2.6939253033e-05,4.4292454699e-04,1.0494383754e-03
1.1676176176e+02,7.8438283873e-04,2.3547950926e-05,1.7397811810e-06,2.6623142345e-05,4.4030266143e-04,1.0453704773e-03
1.1690690691e+02,7.8078854909e-04,2.3384697081e-05,1.7097854809e-06,2.6310872832e-05,4.3769764682e-04,1.0413208590e-03
1.1705205205e+02,7.7721278362e-04,2.3222775505e-05,1.6803001764e-06,2.6002396313e-05,4.3510938628e-04,1.0372894271e-03
1.1719719720e+02,7.7365543650e-04,2.3062173694e-05,1.6513167122e-06,2.5697665233e-05,4.3253776381e-04,1.0332760887e-03
1.1734234234e+02,7.7011640255e-04,2.2902879277e-05,1.6228266740e-06,2.5396632649e-05,4.2998266426e-04,1.0292807515e-03
1.1748748749e+02,7.6659557726e-04,2.2744880014e-05,1.5948217861e-06,2.5099252221e-05,4.2744397335e-04,1.0253033236e-03
1.1763263263e+02,7.6309285677e-04,2.2588163793e-05,1.5672939093e-06,2.4805478209e-05,4.2492157760e-04,1.0213437137e-03
1.1777777778e+02,7.5960813786e-04,2.2432718631e-05,1.5402350384e-06,2.4515265461e-05,4.2241536441e-04,1.0174018311e-03
1.1792292292e+02,7.5614131796e-04,2.2278532672e-05,1.5136373004e-06,2.4228569405e-05,4.1992522198e-04,1.0134775855e-03
1.1806806807e+02,7.5269229513e-04,2.2125594185e-05,1.4874929524e-06,2.3945346046e-05,4.1745103935e-04,1.0095708871e-03
1.1821321321e+02,7.4926096807e-04,2.1973891562e-05,1.4617943789e-06,2.3665551952e-05,4.1499270636e-04,1.0056816468e-03
1.1835835836e+02,7.4584723610e-04,2.1823413317e-05,1.4365340904e-06,2.3389144251e-05,4.1255011367e-04,1.0018097756e-03
1.1850350350e+02,7.4245099920e-04,2.1674148085e-05,1.4117047211e-06,2.3116080624e-05,4.1012315274e-04,9.9795518552e-04
1.1864864865e+02,7.3907215792e-04,2.1526084619e-05,1.3872990269e-06,2.2846319293e-05,4.0771171583e-04,9.9411778871e-04
1.1879379379e+02,7.3571061347e-04,2.1379211792e-05,1.3633098833e-06,2.2579819020e-05,4.0531569600e-04,9.9029749795e-04
1.1893893894e+02,7.3236626765e-04,2.1233518592e-05,1.3397302838e-06,2.2316539095e-05,4.0293498707e-04,9.8649422650e-04
1.1908408408e+02,7.2903902288e-04,2.1088994122e-05,1.3165533377e-06,2.2056439331e-05,4.0056948367e-04,9.8270788813e-04
1.1922922923e+02,7.2572878218e-04,2.0945627600e-05,1.2937722682e-06,2.1799480058e-05,3.9821908118e-04,9.7893839706e-04
1.1937437437e+02,7.2243544917e-04,2.0803408356e-05,1.2713804107e-06,2.1545622114e-05,3.9588367576e-04,9.7518566803e-04
1.1951951952e+02,7.1915892808e-04,2.0662325829e-05,1.2493712111e-06,2.1294826841e-05,3.9356316433e-04,9.7144961623e-04
1.1966466466e+02,7.1589912371e-04,2.0522369571e-05,1.2277382237e-06,2.1047056076e-05,3.9125744456e-04,9.6773015736e-04
1.1980980981e+02,7.1265594147e-04,2.0383529241e-05,1.2064751096e-06,2.0802272146e-05,3.8896641486e-04,9.6402720759e-04
1.1995495495e+02,7.0942928734e-04,2.0245794606e-05,1.1855756349e-06,2.0560437860e-05,3.8668997442e-04,9.6034068354e-04
1.2010010010e+02,7.0621906789e-04,2.0109155537e-05,1.1650336691e-06,2.0321516504e-05,3.8442802312e-04,9.5667050232e-04
1.2024524525e+02,7.0302519028e-04,1.9973602012e-05,1.1448431835e-06,2.0085471836e-05,3.8218046161e-04,9.5301658151e-04
1.2039039039e+02,6.9984756222e-04,1.9839124113e-05,1.1249982492e-06,1.9852268075e-05,3.7994719125e-04,9.4937883915e-04
1.2053553554e+02,6.9668609199e-04,1.9705712022e-05,1.1054930356e-06,1.9621869901e-05,3.7772811412e-04,9.4575719374e-04
1.2068068068e+02,6.9354068846e-04,1.9573356025e-05,1.0863218092e-06,1.9394242445e-05,3.7552313302e-04,9.4215156423e-04
1.2082582583e+02,6.9041126105e-04,1.9442046507e-05,1.0674789315e-06,1.9169351284e-05,3.7333215147e-04,9.3856187005e-04
1.2097097097e+02,6.8729771972e-04,1.9311773950e-05,1.0489588576e-06,1.8947162435e-05,3.7115507367e-04,9.3498803106e-04
1.2111611612e+02,6.8419997502e-04,1.9182528937e-05,1.0307561349e-06,1.8727642351e-05,3.6899180455e-04,9.3142996758e-04
1.2126126126e+02,6.8111793802e-04,1.9054302145e-05,1.0128654012e-06,1.8510757912e-05,3.6684224970e-04,9.2788760039e-04
1.2140640641e+02,6.7805152035e-04,1.8927084349e-05,9.9528138373e-07,1.8296476423e-05,3.6470631543e-04,9.2436085068e-04
1.2155155155e+02,6.7500063419e-04,1.8800866417e-05,9.7799889719e-07,1.8084765605e-05,3.6258390871e-04,9.2084964011e-04
1.2169669670e+02,6.7196519226e-04,1.8675639311e-05,9.6101284261e-07,1.7875593592e-05,3.6047493719e-04,9.1735389079e-04
1.2184184184e+02,6.6894510780e-04,1.8551394084e-05,9.4431820587e-07,1.7668928924e-05,3.5837930922e-04,9.1387352523e-04
1.2198698699e+02,6.6594029459e-04,1.8428121882e-05,9.2791005633e-07,1.7464740545e-05,3.5629693378e-04,9.1040846641e-04
1.2213213213e+02,6.6295066696e-04,1.8305813941e-05,9.1178354543e-07,1.7262997792e-05,3.5422772054e-04,9.0695863772e-04
1.2227727728e+02,6.5997613974e-04,1.8184461585e-05,8.9593390540e-07,1.7063670395e-05,3.5217157981e-04,9.0352396297e-04
1.2242242242e+02,6.5701662829e-04,1.8064056227e-05,8.8035644788e-07,1.6866728469e-05,3.5012842256e-04,9.0010436644e-04
1.2256756757e+02,6.5407204850e-04,1.7944589368e-05,8.6504656267e-07,1.6672142510e-05,3.4809816040e-04,8.9669977278e-04
1.2271271271e+02,6.5114231676e-04,1.7826052595e-05,8.4999971644e-07,1.6479883391e-05,3.4608070561e-04,8.9331010709e-04
1.2285785786e+02,6.4822734999e-04,1.7708437578e-05,8.3521145144e-07,1.6289922354e-05,3.4407597106e-04,8.8993529489e-04
1.2300300300e+02,6.4532706559e-04,1.7591736074e-05,8.2067738432e-07,1.6102231009e-05,3.4208387029e-04,8.8657526210e-04
1.2314814815e+02,6.4244138150e-04,1.7475939922e-05,8.0639320484e-07,1.5916781326e-05,3.4010431746e-04,8.8322993506e-04
1.2329329329e+02,6.3957021614e-04,1.7361041044e-05,7.9235467474e-07,1.5733545633e-05,3.3813722734e-04,8.7989924054e-04
1.2343843844e+02,6.3671348844e-04,1.7247031443e-05,7.7855762653e-07,1.5552496608e-05,3.3618251534e-04,8.7658310568e-04
1.2358358358e+02,6.3387111781e-04,1.7133903204e-05,7.6499796231e-07,1.5373607277e-05,3.3424009746e-04,8.7328145806e-04
1.2372872873e+02,6.3104302418e-04,1.7021648488e-05,7.5167165267e-07,1.5196851011e-05,3.3230989031e-04,8.6999422564e-04
1.2387387387e+02,6.2822912794e-04,1.6910259539e-05,7.3857473553e-07,1.5022201516e-05,3.3039181113e-04,8.6672133680e-04
1.2401901902e+02,6.2542934998e-04,1.6799728676e-05,7.2570331506e-07,1.4849632835e-05,3.2848577774e-04,8.6346272030e-04
1.2416416416e+02,6.2264361167e-04,1.6690048297e-05,7.1305356059e-07,1.4679119338e-05,3.2659170855e-04,8.6021830530e-04
1.2430930931e+02,6.1987183487e-04,1.6581210875e-05,7.0062170550e-07,1.4510635723e-05,3.2470952257e-04,8.5698802137e-04
1.2445445445e+02,6.1711394189e-04,1.6473208958e-05,6.8840404623e-07,1.4344157006e-05,3.2283913939e-04,8.5377179845e-04
1.2459959960e+02,6.1436985555e-04,1.6366035169e-05,6.7639694121e-07,1.4179658521e-05,3.2098047919e-04,8.5056956688e-04
1.2474474474e+02,6.1163949911e-04,1.6259682204e-05,6.6459680982e-07,1.4017115917e-05,3.1913346272e-04,8.4738125738e-04
1.2488988989e+02,6.0892279631e-04,1.6154142834e-05,6.5300013144e-07,1.3856505149e-05,3.1729801129e-04,8.4420680105e-04
1.2503503504e+02,6.0621967134e-04,1.6049409899e-05,6.4160344441e-07,1.3697802478e-05,3.1547404681e-04,8.4104612940e-04
1.2518018018e+02,6.0353004888e-04,1.5945476312e-05,6.3040334511e-07,1.3540984464e-05,3.1366149173e-04,8.3789917427e-04
1.2532532533e+02,6.0085385404e-04,1.5842335055e-05,6.1939648694e-07,1.3386027966e-05,3.1186026906e-04,8.3476586793e-04
1.2547047047e+02,5.9819101239e-04,1.5739979182e-05,6.0857957945e-07,1.3232910134e-05,3.1007030237e-04,8.3164614298e-04
1.2561561562e+02,5.9554144997e-04,1.5638401814e-05,5.9794938737e-07,1.3081608408e-05,3.0829151579e-04,8.2853993242e-04
1.2576076076e+02,5.9290509324e-04,1.5537596140e-05,5.8750272971e-07,1.2932100515e-05,3.0652383397e-04,8.2544716960e-04
1.2590590591e+02,5.9028186914e-04,1.5437555416e-05,5.7723647888e-07,1.2784364460e-05,3.0476718213e-04,8.2236778827e-04
1.2605105105e+02,5.8767170502e-04,1.5338272968e-05,5.6714755979e-07,1.2638378530e-05,3.0302148602e-04,8.1930172251e-04
1.2619619620e+02,5.8507452870e-04,1.5239742183e-05,5.5723294898e-07,1.2494121282e-05,3.0128667192e-04,8.1624890677e-04
1.2634134134e+02,5.8249026840e-04,1.5141956517e-05,5.4748967380e-07,1.2351571548e-05,2.9956266663e-04,8.1320927589e-04
1.2648648649e+02,5.7991885281e-04,1.5044909487e-05,5.3791481153e-07,1.2210708425e-05,2.9784939751e-04,8.1018276503e-04
1.2663163163e+02,5.7736021105e-04,1.4948594678e-05,5.2850548859e-07,1.2071511274e-05,2.9614679241e-04,8.0716930973e-04
1.2677677678e+02,5.7481427263e-04,1.4853005733e-05,5.1925887972e-07,1.1933959717e-05,2.9445477972e-04,8.0416884588e-04
1.2692192192e+02,5.7228096753e-04,1.4758136362e-05,5.1017220714e-07,1.1798033633e-05,2.9277328831e-04,8.0118130973e-04
1.2706706707e+02,5.6976022614e-04,1.4663980334e-05,5.0124273984e-07,1.1663713154e-05,2.9110224760e-04,7.9820663786e-04
1.2721221221e+02,5.6725197926e-04,1.4570531479e-05,4.9246779275e-07,1.1530978664e-05,2.8944158751e-04,7.9524476721e-04
1.2735735736e+02,5.6475615811e-04,1.4477783689e-05,4.8384472598e-07,1.1399810791e-05,2.8779123843e-04,7.9229563507e-04
1.2750250250e+02,5.6227269433e-04,1.4385730913e-05,4.7537094411e-07,1.1270190411e-05,2.8615113128e-04,7.8935917907e-04
1.2764764765e+02,5.5980151999e-04,1.4294367162e-05,4.6704389542e-07,1.1142098638e-05,2.8452119748e-04,7.8643533718e-04
1.2779279279e+02,5.5734256752e-04,1.4203686503e-05,4.5886107119e-07,1.1015516825e-05,2.8290136892e-04,7.8352404772e-04
1.2793793794e+02,5.5489576981e-04,1.4113683062e-05,4.5082000497e-07,1.0890426559e-05,2.8129157797e-04,7.8062524932e-04
1.2808308308e+02,5.5246106013e-04,1.4024351021e-05,4.4291827188e-07,1.0766809659e-05,2.7969175753e-04,7.7773888099e-04
1.2822822823e+02,5.5003837214e-04,1.3935684621e-05,4.3515348793e-07,1.0644648172e-05,2.7810184092e-04,7.7486488203e-04
1.2837337337e+02,5.4762763993e-04,1.3847678155e-05,4.2752330934e-07,1.0523924370e-05,2.7652176199e-04,7.7200319211e-04
1.2851851852e+02,5.4522879796e-04,1.3760325974e-05,4.2002543187e-07,1.0404620751e-05,2.7495145503e-04,7.6915375119e-04
1.2866366366e+02,5.4284178109e-04,1.3673622483e-05,4.1265759016e-07,1.0286720029e-05,2.7339085480e-04,7.6631649959e-04
1.2880880881e+02,5.4046652458e-04,1.3587562142e-05,4.0541755710e-07,1.0170205138e-05,2.7183989655e-04,7.6349137794e-04
1.2895395395e+02,5.3810296408e-04,1.3502139462e-05,3.9830314318e-07,1.0055059223e-05,2.7029851597e-04,7.6067832720e-04
1.2909909910e+02,5.3575103560e-04,1.3417349010e-05,3.9131219587e-07,9.9412656429e-06,2.6876664921e-04,7.5787728864e-04
1.2924424424e+02,5.3341067557e-04,1.3333185403e-05,3.8444259899e-07,9.8288079652e-06,2.6724423289e-04,7.5508820388e-04
1.2938938939e+02,5.3108182077e-04,1.3249643310e-05,3.7769227215e-07,9.7176699625e-06,2.6573120408e-04,7.5231101482e-04
1.2953453453e+02,5.2876440838e-04,1.3166717453e-05,3.7105917010e-07,9.6078356111e-06,2.6422750027e-04,7.4954566371e-04
1.2967967968e+02,5.2645837595e-04,1.3084402604e-05,3.6454128220e-07,9.4992890882e-06,2.6273305943e-04,7.4679209308e-04
1.2982482482e+02,5.2416366140e-04,1.3002693583e-05,3.5813663178e-07,9.3920147691e-06,2.6124781996e-04,7.4405024579e-04
1.2996996997e+02,5.2188020303e-04,1.2921585263e-05,3.5184327565e-07,9.2859972245e-06,2.5977172069e-04,7.4132006503e-04
1.3011511512e+02,5.1960793949e-04,1.2841072563e-05,3.4565930347e-07,9.1812212184e-06,2.5830470090e-04,7.3860149427e-04
1.3026026026e+02,5.1734680982e-04,1.2761150453e-05,3.3958283725e-07,9.0776717054e-06,2.5684670029e-04,7.3589447728e-04
1.3040540541e+02,5.1509675341e-04,1.2681813949e-05,3.3361203081e-07,8.9753338282e-06,2.5539765899e-04,7.3319895818e-04
1.3055055055e+02,5.1285771002e-04,1.2603058116e-05,3.2774506922e-07,8.8741929151e-06,2.5395751756e-04,7.3051488134e-04
1.3069569570e+02,5.1062961977e-04,1.2524878066e-05,3.2198016829e-07,8.7742344780e-06,2.5252621697e-04,7.2784219147e-04
1.3084084084e+02,5.0841242312e-04,1.2447268956e-05,3.1631557409e-07,8.6754442095e-06,2.5110369864e-04,7.2518083355e-04
1.3098598599e+02,5.0620606090e-04,1.2370225991e-05,3.1074956239e-07,8.5778079812e-06,2.4968990437e-04,7.2253075289e-04
1.3113113113e+02,5.0401047429e-04,1.2293744420e-05,3.0528043823e-07,8.4813118408e-06,2.4828477639e-04,7.1989189506e-04
1.3127627628e+02,5.0182560483e-04,1.2217819537e-05,2.9990653535e-07,8.3859420100e-06,2.4688825734e-04,7.1726420596e-04
1.3142142142e+02,4.9965139439e-04,1.2142446683e-05,2.9462621580e-07,8.2916848828e-06,2.4550029025e-04,7.1464763175e-04
1.3156656657e+02,4.9748778520e-04,1.2067621239e-05,2.8943786939e-07,8.1985270224e-06,2.4412081859e-04,7.1204211891e-04
1.3171171171e+02,4.9533471982e-04,1.1993338635e-05,2.8433991328e-07,8.1064551597e-06,2.4274978619e-04,7.0944761418e-04
1.3185685686e+02,4.9319214116e-04,1.1919594338e-05,2.7933079149e-07,8.0154561909e-06,2.4138713729e-04,7.0686406461e-04
1.3200200200e+02,4.9105999248e-04,1.1846383863e-05,2.7440897447e-07,7.9255171754e-06,2.4003281655e-04,7.0429141753e-04
1.3214714715e+02,4.8893821735e-04,1.1773702764e-05,2.6957295865e-07,7.8366253337e-06,2.3868676899e-04,7.0172962054e-04
1.3229229229e+02,4.8682675970e-04,1.1701546639e-05,2.6482126602e-07,7.7487680455e-06,2.3734894002e-04,6.9917862153e-04
1.3243743744e+02,4.8472556378e-04,1.1629911125e-05,2.6015244366e-07,7.6619328473e-06,2.3601927546e-04,6.9663836870e-04
1.3258258258e+02,4.8263457418e-04,1.1558791903e-05,2.5556506338e-07,7.5761074307e-06,2.3469772148e-04,6.9410881047e-04
1.3272772773e+02,4.8055373581e-04,1.1488184692e-05,2.5105772127e-07,7.4912796403e-06,2.3338422467e-04,6.9158989559e-04
1.3287287287e+02,4.7848299390e-04,1.1418085252e-05,2.4662903727e-07,7.4074374719e-06,2.3207873195e-04,6.8908157305e-04
1.3301801802e+02,4.7642229402e-04,1.1348489382e-05,2.4227765484e-07,7.3245690703e-06,2.3078119066e-04,6.8658379214e-04
1.3316316316e+02,4.7437158205e-04,1.1279392922e-05,2.3800224050e-07,7.2426627275e-06,2.2949154848e-04,6.8409650241e-04
1.3330830831e+02,4.7233080420e-04,1.1210791750e-05,2.3380148348e-07,7.1617068809e-06,2.2820975346e-04,6.8161965367e-04
1.3345345345e+02,4.7029990699e-04,1.1142681781e-05,2.2967409533e-07,7.0816901114e-06,2.2693575404e-04,6.7915319603e-04
1.3359859860e+02,4.6827883726e-04,1.1075058970e-05,2.2561880953e-07,7.0026011415e-06,2.2566949900e-04,6.7669707983e-04
1.3374374374e+02,4.6626754217e-04,1.1007919309e-05,2.2163438115e-07,6.9244288336e-06,2.2441093749e-04,6.7425125569e-04
1.3388888889e+02,4.6426596917e-04,1.0941258828e-05,2.1771958647e-07,6.8471621881e-06,2.2316001901e-04,6.7181567452e-04
1.3403403403e+02,4.6227406604e-04,1.0875073592e-05,2.1387322262e-07,6.7707903418e-06,2.2191669342e-04,6.6939028745e-04
1.3417917918e+02,4.6029178087e-04,1.0809359704e-05,2.1009410725e-07,6.6953025659e-06,2.2068091095e-04,6.6697504589e-04
1.3432432432e+02,4.5831906205e-04,1.0744113304e-05,2.0638107817e-07,6.6206882646e-06,2.1945262214e-04,6.6456990153e-04
1.3446946947e+02,4.5635585826e-04,1.0679330564e-05,2.0273299301e-07,6.5469369732e-06,2.1823177791e-04,6.6217480629e-04
1.3461461461e+02,4.5440211850e-04,1.0615007696e-05,1.9914872889e-07,6.4740383563e-06,2.1701832952e-04,6.5978971235e-04
1.3475975976e+02,4.5245779207e-04,1.0551140945e-05,1.9562718211e-07,6.4019822066e-06,2.1581222856e-04,6.5741457215e-04
1.3490490490e+02,4.5052282857e-04,1.0487726589e-05,1.9216726778e-07,6.3307584429e-06,2.1461342697e-04,6.5504933839e-04
1.3505005005e+02,4.4859717787e-04,1.0424760943e-05,1.8876791956e-07,6.2603571084e-06,2.1342187702e-04,6.5269396402e-04
1.3519519520e+02,4.4668079017e-04,1.0362240355e-05,1.8542808932e-07,6.1907683697e-06,2.1223753132e-04,6.5034840223e-04
1.3534034034e+02,4.4477361594e-04,1.0300161206e-05,1.8214674683e-07,6.1219825144e-06,2.1106034280e-04,6.4801260646e-04
1.3548548549e+02,4.4287560594e-04,1.0238519911e-05,1.7892287947e-07,6.0539899504e-06,2.0989026474e-04,6.4568653042e-04
1.3563063063e+02,4.4098671125e-04,1.0177312917e-05,1.7575549191e-07,5.9867812036e-06,2.0872725073e-04,6.4337012804e-04
1.3577577578e+02,4.3910688319e-04,1.0116536706e-05,1.7264360587e-07,5.9203469171e-06,2.0757125469e-04,6.4106335350e-04
1.3592092092e+02,4.3723607341e-04,1.0056187788e-05,1.6958625978e-07,5.8546778492e-06,2.0642223086e-04,6.3876616123e-04
1.3606606607e+02,4.3537423380e-04,9.9962627087e-06,1.6658250850e-07,5.7897648720e-06,2.0528013381e-04,6.3647850591e-04
1.3621121121e+02,4.3352131657e-04,9.9367580441e-06,1.6363142311e-07,5.7255989704e-06,2.0414491841e-04,6.3420034243e-04
1.3635635636e+02,4.3167727418e-04,9.8776704012e-06,1.6073209054e-07,5.6621712401e-06,2.0301653987e-04,6.3193162596e-04
1.3650150150e+02,4.2984205940e-04,9.8189964182e-06,1.5788361337e-07,5.5994728865e-06,2.0189495368e-04,6.2967231187e-04
1.3664664665e+02,4.2801562524e-04,9.7607327639e-06,1.5508510955e-07,5.5374952232e-06,2.0078011567e-04,6.2742235579e-04
1.3679179179e+02,4.2619792501e-04,9.7028761374e-06,1.5233571214e-07,5.4762296708e-06,1.9967198196e-04,6.2518171358e-04
1.3693693694e+02,4.2438891229e-04,9.6454232680e-06,1.4963456902e-07,5.4156677552e-06,1.9857050898e-04,6.2295034132e-04
1.3708208208e+02,4.2258854092e-04,9.5883709144e-06,1.4698084272e-07,5.3558011066e-06,1.9747565346e-04,6.2072819535e-04
1.3722722723e+02,4.2079676502e-04,9.5317158650e-06,1.4437371009e-07,5.2966214582e-06,1.9638737246e-04,6.1851523221e-04
1.3737237237e+02,4.1901353896e-04,9.4754549370e-06,1.4181236209e-07,5.2381206445e-06,1.9530562329e-04,6.1631140869e-04
1.3751751752e+02,4.1723881741e-04,9.4195849768e-06,1.3929600358e-07,5.1802906005e-06,1.9423036359e-04,6.1411668179e-04
1.3766266266e+02,4.1547255527e-04,9.3641028591e-06,1.3682385304e-07,5.1231233599e-06,1.9316155129e-04,6.1193100877e-04
1.3780780781e+02,4.1371470772e-04,9.3090054867e-06,1.3439514236e-07,5.0666110546e-06,1.9209914461e-04,6.0975434707e-04
1.3795295295e+02,4.1196523020e-04,9.2542897908e-06,1.3200911660e-07,5.0107459126e-06,1.9104310205e-04,6.0758665439e-04
1.3809809810e+02,4.1022407839e-04,9.1999527297e-06,1.2966503381e-07,4.9555202573e-06,1.8999338242e-04,6.0542788865e-04
1.3824324324e+02,4.0849120827e-04,9.1459912897e-06,1.2736216474e-07,4.9009265064e-06,1.8894994480e-04,6.0327800796e-04
1.3838838839e+02,4.0676657602e-04,9.0924024837e-06,1.2509979270e-07,4.8469571702e-06,1.8791274856e-04,6.0113697068e-04
1.3853353353e+02,4.0505013813e-04,9.0391833517e-06,1.2287721329e-07,4.7936048510e-06,1.8688175334e-04,5.9900473539e-04
1.3867867868e+02,4.0334185131e-04,8.9863309603e-06,1.2069373421e-07,4.7408622415e-06,1.8585691908e-04,5.9688126087e-04
1.3882382382e+02,4.0164167252e-04,8.9338424023e-06,1.1854867507e-07,4.6887221238e-06,1.8483820598e-04,5.9476650613e-04
1.3896896897e+02,3.9994955898e-04,8.8817147967e-06,1.1644136716e-07,4.6371773685e-06,1.8382557453e-04,5.9266043038e-04
1.3911411411e+02,3.9826546817e-04,8.8299452881e-06,1.1437115329e-07,4.5862209332e-06,1.8281898548e-04,5.9056299307e-04
1.3925925926e+02,3.9658935778e-04,8.7785310467e-06,1.1233738756e-07,4.5358458616e-06,1.8181839986e-04,5.8847415384e-04
1.3940440440e+02,3.9492118579e-04,8.7274692681e-06,1.1033943517e-07,4.4860452825e-06,1.8082377897e-04,5.8639387254e-04
1.3954954955e+02,3.9326091038e-04,8.6767571729e-06,1.0837667226e-07,4.4368124086e-06,1.7983508437e-04,5.8432210925e-04
1.3969469469e+02,3.9160849000e-04,8.6263920062e-06,1.0644848570e-07,4.3881405354e-06,1.7885227790e-04,5.8225882424e-04
1.3983983984e+02,3.8996388334e-04,8.5763710380e-06,1.0455427291e-07,4.3400230403e-06,1.7787532164e-04,5.8020397800e-04
1.3998498498e+02,3.8832704931e-04,8.5266915623e-06,1.0269344171e-07,4.2924533816e-06,1.7690417795e-04,5.7815753122e-04
1.4013013013e+02,3.8669794708e-04,8.4773508974e-06,1.0086541007e-07,4.2454250972e-06,1.7593880946e-04,5.7611944479e-04
1.4027527528e+02,3.8507653604e-04,8.4283463853e-06,9.9069606044e-08,4.1989318039e-06,1.7497917903e-04,5.7408967982e-04
1.4042042042e+02,3.8346277582e-04,8.3796753914e-06,9.7305467498e-08,4.1529671962e-06,1.7402524980e-04,5.7206819762e-04
1.4056556557e+02,3.8185662628e-04,8.3313353047e-06,9.5572442006e-08,4.1075250455e-06,1.7307698514e-04,5.7005495968e-04
1.4071071071e+02,3.8025804751e-04,8.2833235371e-06,9.3869986660e-08,4.0625991990e-06,1.7213434870e-04,5.6804992772e-04
1.4085585586e+02,3.7866699985e-04,8.2356375236e-06,9.2197567916e-08,4.0181835789e-06,1.7119730436e-04,5.6605306364e-04
1.4100100100e+02,3.7708344383e-04,8.1882747217e-06,9.0554661430e-08,3.9742721812e-06,1.7026581625e-04,5.6406432954e-04
1.4114614615e+02,3.7550734024e-04,8.1412326113e-06,8.8940751903e-08,3.9308590751e-06,1.6933984877e-04,5.6208368773e-04
1.4129129129e+02,3.7393865009e-04,8.0945086946e-06,8.7355332930e-08,3.8879384018e-06,1.6841936653e-04,5.6011110071e-04
1.4143643644e+02,3.7237733459e-04,8.0481004958e-06,8.5797906843e-08,3.8455043736e-06,1.6750433441e-04,5.5814653117e-04
1.4158158158e+02,3.7082335522e-04,8.0020055609e-06,8.4267984569e-08,3.8035512734e-06,1.6659471751e-04,5.5618994199e-04
1.4172672673e+02,3.6927667363e-04,7.9562214573e-06,8.2765085477e-08,3.7620734534e-06,1.6569048120e-04,5.5424129626e-04
1.4187187187e+02,3.6773725172e-04,7.9107457739e-06,8.1288737238e-08,3.7210653343e-06,1.6479159106e-04,5.5230055725e-04
1.4201701702e+02,3.6620505161e-04,7.8655761208e-06,7.9838475683e-08,3.6805214046e-06,1.6389801291e-04,5.5036768841e-04
1.4216216216e+02,3.6468003562e-04,7.8207101287e-06,7.8413844663e-08,3.6404362196e-06,1.6300971281e-04,5.4844265341e-04
1.4230730731e+02,3.6316216630e-04,7.7761454495e-06,7.7014395912e-08,3.6008044007e-06,1.6212665707e-04,5.4652541607e-04
1.4245245245e+02,3.6165140641e-04,7.7318797553e-06,7.5639688915e-08,3.5616206345e-06,1.6124881219e-04,5.4461594042e-04
1.4259759760e+02,3.6014771893e-04,7.6879107386e-06,7.4289290773e-08,3.5228796717e-06,1.6037614494e-04,5.4271419069e-04
1.4274274274e+02,3.5865106703e-04,7.6442361122e-06,7.2962776072e-08,3.4845763271e-06,1.5950862229e-04,5.4082013126e-04
1.4288788789e+02,3.5716141412e-04,7.6008536085e-06,7.1659726762e-08,3.4467054779e-06,1.5864621145e-04,5.3893372672e-04
1.4303303303e+02,3.5567872379e-04,7.5577609800e-06,7.0379732021e-08,3.4092620634e-06,1.5778887986e-04,5.3705494183e-04
1.4317817818e+02,3.5420295988e-04,7.5149559985e-06,6.9122388142e-08,3.3722410841e-06,1.5693659515e-04,5.3518374155e-04
1.4332332332e+02,3.5273408638e-04,7.4724364553e-06,6.7887298403e-08,3.3356376010e-06,1.5608932522e-04,5.3332009099e-04
1.4346846847e+02,3.5127206754e-04,7.4302001608e-06,6.6674072952e-08,3.2994467348e-06,1.5524703816e-04,5.3146395547e-04
1.4361361361e+02,3.4981686778e-04,7.3882449443e-06,6.5482328689e-08,3.2636636653e-06,1.5440970226e-04,5.2961530047e-04
1.4375875876e+02,3.4836845173e-04,7.3465686542e-06,6.4311689152e-08,3.2282836303e-06,1.5357728608e-04,5.2777409166e-04
1.4390390390e+02,3.4692678423e-04,7.3051691572e-06,6.3161784398e-08,3.1933019251e-06,1.5274975834e-04,5.2594029487e-04
1.4404904905e+02,3.4549183032e-04,7.2640443386e-06,6.2032250898e-08,3.1587139021e-06,1.5192708800e-04,5.2411387614e-04
1.4419419419e+02,3.4406355522e-04,7.2231921020e-06,6.0922731424e-08,3.1245149694e-06,1.5110924424e-04,5.2229480164e-04
1.4433933934e+02,3.4264192438e-04,7.1826103689e-06,5.9832874942e-08,3.0907005907e-06,1.5029619642e-04,5.2048303775e-04
1.4448448448e+02,3.4122690341e-04,7.1422970789e-06,5.8762336504e-08,3.0572662844e-06,1.4948791414e-04,5.1867855100e-04
1.4462962963e+02,3.3981845815e-04,7.1022501894e-06,5.7710777146e-08,3.0242076228e-06,1.4868436719e-04,5.1688130810e-04
1.4477477477e+02,3.3841655461e-04,7.0624676750e-06,5.6677863787e-08,2.9915202317e-06,1.4788552557e-04,5.1509127594e-04
1.4491991992e+02,3.3702115901e-04,7.0229475282e-06,5.5663269123e-08,2.9591997893e-06,1.4709135948e-04,5.1330842156e-04
1.4506506507e+02,3.3563223774e-04,6.9836877584e-06,5.4666671534e-08,2.9272420262e-06,1.4630183933e-04,5.1153271219e-04
1.4521021021e+02,3.3424975741e-04,6.9446863921e-06,5.3687754982e-08,2.8956427240e-06,1.4551693572e-04,5.0976411521e-04
1.4535535536e+02,3.3287368480e-04,6.9059414729e-06,5.2726208918e-08,2.8643977154e-06,1.4473661946e-04,5.0800259819e-04
1.4550050050e+02,3.3150398688e-04,6.8674510610e-06,5.1781728185e-08,2.8335028828e-06,1.4396086155e-04,5.0624812884e-04
1.4564564565e+02,3.3014063080e-04,6.8292132331e-06,5.0854012930e-08,2.8029541585e-06,1.4318963320e-04,5.0450067504e-04
1.4579079079e+02,3.2878358393e-04,6.7912260825e-06,4.9942768509e-08,2.7727475235e-06,1.4242290581e-04,5.0276020485e-04
1.4593593594e+02,3.2743281378e-04,6.7534877187e-06,4.9047705400e-08,2.7428790070e-06,1.4166065096e-04,5.0102668649e-04
1.4608108108e+02,3.2608828807e-04,6.7159962673e-06,4.8168539111e-08,2.7133446859e-06,1.4090284043e-04,4.9930008832e-04
1.4622622623e+02,3.2474997470e-04,6.6787498699e-06,4.7304990102e-08,2.6841406843e-06,1.4014944621e-04,4.9758037889e-04
1.4637137137e+02,3.2341784175e-04,6.6417466840e-06,4.6456783690e-08,2.6552631726e-06,1.3940044045e-04,4.9586752690e-04
1.4651651652e+02,3.2209185747e-04,6.6049848825e-06,4.5623649973e-08,2.6267083674e-06,1.3865579551e-04,4.9416150119e-04
1.4666166166e+02,3.2077199031e-04,6.5684626541e-06,4.4805323744e-08,2.5984725303e-06,1.3791548393e-04,4.9246227080e-04
1.4680680681e+02,3.1945820887e-04,6.5321782027e-06,4.4001544412e-08,2.5705519680e-06,1.3717947842e-04,4.9076980489e-04
1.4695195195e+02,3.1815048197e-04,6.4961297475e-06,4.3212055921e-08,2.5429430312e-06,1.3644775192e-04,4.8908407280e-04
1.4709709710e+02,3.1684877855e-04,6.4603155226e-06,4.2436606675e-08,2.5156421145e-06,1.3572027749e-04,4.8740504401e-04
1.4724224224e+02,3.1555306778e-04,6.4247337774e-06,4.1674949457e-08,2.4886456555e-06,1.3499702843e-04,4.8573268817e-04
1.4738738739e+02,3.1426331896e-04,6.3893827757e-06,4.0926841358e-08,2.4619501346e-06,1.3427797817e-04,4.8406697507e-04
1.4753253253e+02,3.1297950159e-04,6.3542607961e-06,4.0192043700e-08,2.4355520740e-06,1.3356310037e-04,4.8240787466e-04
1.4767767768e+02,3.1170158533e-04,6.3193661319e-06,3.9470321965e-08,2.4094480377e-06,1.3285236882e-04,4.8075535704e-04
1.4782282282e+02,3.1042954002e-04,6.2846970906e-06,3.8761445722e-08,2.3836346308e-06,1.3214575753e-04,4.7910939248e-04
1.4796796797e+02,3.0916333565e-04,6.2502519939e-06,3.8065188556e-08,2.3581084987e-06,1.3144324064e-04,4.7746995137e-04
1.4811311311e+02,3.0790294241e-04,6.2160291777e-06,3.7381328002e-08,2.3328663270e-06,1.3074479250e-04,4.7583700428e-04
1.4825825826e+02,3.0664833062e-04,6.1820269918e-06,3.6709645473e-08,2.3079048410e-06,1.3005038761e-04,4.7421052189e-04
1.4840340340e+02,3.0539947080e-04,6.1482438001e-06,3.6049926197e-08,2.2832208049e-06,1.2936000067e-04,4.7259047508e-04
1.4854854855e+02,3.0415633361e-04,6.1146779798e-06,3.5401959147e-08,2.2588110215e-06,1.2867360652e-04,4.7097683484e-04
1.4869369369e+02,3.0291888990e-04,6.0813279221e-06,3.4765536982e-08,2.2346723317e-06,1.2799118018e-04,4.6936957231e-04
1.4883883884e+02,3.0168711066e-04,6.0481920313e-06,3.4140455977e-08,2.2108016142e-06,1.2731269684e-04,4.6776865879e-04
1.4898398398e+02,3.0046096706e-04,6.0152687254e-06,3.3526515965e-08,2.1871957847e-06,1.2663813186e-04,4.6617406572e-04
1.4912912913e+02,2.9924043041e-04,5.9825564354e-06,3.2923520275e-08,2.1638517957e-06,1.2596746076e-04,4.6458576468e-04
1.4927427427e+02,2.9802547220e-04,5.9500536053e-06,3.2331275672e-08,2.1407666360e-06,1.2530065922e-04,4.6300372739e-04
1.4941941942e+02,2.9681606408e-04,5.9177586923e-06,3.1749592293e-08,2.1179373303e-06,1.2463770309e-04,4.6142792573e-04
1.4956456456e+02,2.9561217785e-04,5.8856701664e-06,3.1178283597e-08,2.0953609384e-06,1.2397856839e-04,4.5985833169e-04
1.4970970971e+02,2.9441378546e-04,5.8537865101e-06,3.0617166301e-08,2.0730345553e-06,1.2332323127e-04,4.5829491745e-04
1.4985485485e+02,2.9322085904e-04,5.8221062188e-06,3.0066060326e-08,2.0509553106e-06,1.2267166808e-04,4.5673765527e-04
1.5000000000e+02,2.9203337085e-04,5.7906278003e-06,2.9524788742e-08,2.0291203678e-06,1.2202385530e-04,4.5518651761e-04
