elapsed_since_z12_myr,cosmic_age_myr,redshift,shell_index,velocity_mu,ksi,nfw_density_msun_pc3,environment_density_msun_pc3,velocity_dispersion_km_s,hard_axis_au,three_body_timescale_myr
0.0,382.2709821586148,11.999999999999998,1,0.5,1.0,295.9640057904885,295.9640057904885,1.5393786062175703,2807.7333341935655,4.608514150061556
0.0,382.2709821586148,11.999999999999998,2,0.5,1.0,71.78811437668092,71.78811437668092,2.695644031398954,915.6334879321191,102.0231107096901
0.0,382.2709821586148,11.999999999999998,3,0.5,1.0,27.37468760238608,27.37468760238608,4.155362125814098,385.3266059435334,980.0335463492586
0.0,382.2709821586148,11.999999999999998,4,0.5,1.0,11.598838979437772,11.598838979437772,6.099374138057759,178.84475304048118,7314.8392205288455
0.0,382.2709821586148,11.999999999999998,5,0.5,1.0,4.9718026778911435,4.9718026778911435,8.662761941956523,88.66127889493455,48889.85373905167
0.0,382.2709821586148,11.999999999999998,6,0.5,1.0,2.0291757142665903,2.0291757142665903,11.844398392995751,47.426463117328936,306184.24963374157
0.0,382.2709821586148,11.999999999999998,7,0.5,1.0,0.7378412626711565,0.7378412626711565,15.304878909265625,28.404487356963344,1816729.3690434357
0.0,382.2709821586148,11.999999999999998,8,0.5,1.0,0.22139212427711055,0.22139212427711055,18.2234518740371,20.034820827123923,10220996.686696105
0.0,382.2709821586148,11.999999999999998,9,0.5,1.0,0.051599466716689885,0.051599466716689885,19.619229013262014,17.28553707192829,54722266.79862255
0.0,382.2709821586148,11.999999999999998,10,0.5,1.0,0.009288267459428354,0.009288267459428354,19.090508000566363,18.25625868448534,280079437.2895005
200.0,582.2709821586147,8.818137842605395,1,0.5,1.0,300.89268373967934,300.89268373967934,1.8788827161713817,1884.7224708567603,8.242346511326323
200.0,582.2709821586147,8.818137842605395,2,0.5,1.0,69.41893532206073,69.41893532206073,3.416462101353174,570.0245183560592,214.79064200813767
200.0,582.2709821586147,8.818137842605395,3,0.5,1.0,24.74229248382485,24.74229248382485,5.506986275502714,219.39097741505333,2523.8615548248954
200.0,582.2709821586147,8.818137842605395,4,0.5,1.0,9.759724954175546,9.759724954175546,8.510141496073764,91.86988847105727,23612.188781234785
200.0,582.2709821586147,8.818137842605395,5,0.5,1.0,3.9083261460724006,3.9083261460724006,12.81360243227663,40.52324928714759,201273.41684270336
200.0,582.2709821586147,8.818137842605395,6,0.5,1.0,1.5034660018625925,1.5034660018625925,18.694616843346726,19.037662102782914,1624873.5751794723
200.0,582.2709821586147,8.818137842605395,7,0.5,1.0,0.5182092857595715,0.5182092857595715,25.84044618306518,9.964298625934024,12449683.658733921
200.0,582.2709821586147,8.818137842605395,8,0.5,1.0,0.14490579524453062,0.14490579524453062,32.62365547234169,6.251460727405678,89593312.46084946
200.0,582.2709821586147,8.818137842605395,9,0.5,1.0,0.029715594794959627,0.029715594794959627,36.35101793197447,5.035163734089581,604406025.3671002
200.0,582.2709821586147,8.818137842605395,10,0.5,1.0,0.004335999818924588,0.004335999818924588,35.488253625788104,5.28296209559443,3854145551.487325
400.0,782.2709821586147,7.061767106048846,1,0.5,1.0,279.1468203615769,279.1468203615769,2.010832125739023,1645.4895219321756,10.890761366443446
400.0,782.2709821586147,7.061767106048846,2,0.5,1.0,62.377229062917294,62.377229062917294,3.7385117587081,476.04636062211824,313.2085844146339
400.0,782.2709821586147,7.061767106048846,3,0.5,1.0,21.291873167775993,21.291873167775993,6.185804362043071,173.881905293686,4156.599234220844
400.0,782.2709821586147,7.061767106048846,4,0.5,1.0,8.015473546982854,8.015473546982854,9.847693336115109,68.60846762569089,44548.98820839945
400.0,782.2709821586147,7.061767106048846,5,0.5,1.0,3.066982518780439,3.066982518780439,15.330746952295497,28.308712688621593,439280.70484304044
400.0,782.2709821586147,7.061767106048846,6,0.5,1.0,1.1334114822688763,1.1334114822688763,23.215907195707906,12.344554835637,4127935.0116608194
400.0,782.2709821586147,7.061767106048846,7,0.5,1.0,0.3776359894620968,0.3776359894620968,33.3956977830006,5.96575902369682,36877517.02802781
400.0,782.2709821586147,7.061767106048846,8,0.5,1.0,0.10161783711871199,0.10161783711871199,43.72944943019854,3.479354920692966,307691545.8426952
400.0,782.2709821586147,7.061767106048846,9,0.5,1.0,0.019438330846389646,0.019438330846389646,49.833517624058096,2.6791909233382745,2380505255.8261237
400.0,782.2709821586147,7.061767106048846,10,0.5,1.0,0.0025118186454237915,0.0025118186454237915,48.769127973945004,2.7974141731501327,17266732977.804268
600.0,982.2709821586147,5.924220571218936,1,0.5,1.0,253.3359033392309,253.3359033392309,2.053461434747319,1577.8788298566049,12.779868696445062
600.0,982.2709821586147,5.924220571218936,2,0.5,1.0,55.34042993637036,55.34042993637036,3.8765124514177653,442.75592810964866,393.590405609377
600.0,982.2709821586147,5.924220571218936,3,0.5,1.0,18.318779454467318,18.318779454467318,6.530094696225884,156.02988656683732,5683.624608359648
600.0,982.2709821586147,5.924220571218936,4,0.5,1.0,6.669373733429821,6.669373733429821,10.607781693974951,59.128601102345456,66919.41686889563
600.0,982.2709821586147,5.924220571218936,5,0.5,1.0,2.468996401645781,2.468996401645781,16.888683915461893,23.326798399404748,729508.6539534144
600.0,982.2709821586147,5.924220571218936,6,0.5,1.0,0.8858535074396305,0.8858535074396305,26.221471599627645,9.67681923222507,7609791.499116733
600.0,982.2709821586147,5.924220571218936,7,0.5,1.0,0.287958428531341,0.287958428531341,38.753267145568095,4.430269103411659,75571606.39391305
600.0,982.2709821586147,5.924220571218936,8,0.5,1.0,0.07550817111512585,0.07550817111512585,52.05152646335694,2.4557254492423466,698344860.7144437
600.0,982.2709821586147,5.924220571218936,9,0.5,1.0,0.013796288921219455,0.013796288921219455,60.27552558524282,1.8313221120952141,5935047778.747543
600.0,982.2709821586147,5.924220571218936,10,0.5,1.0,0.0016411730027535596,0.0016411730027535596,59.08478302373679,1.9058795987478256,46993311865.04523
800.0,1182.2709821586147,5.116993442812118,1,0.5,1.0,229.32259363292846,229.32259363292846,2.054840138118414,1575.7621717129387,14.146557153825336
800.0,1182.2709821586147,5.116993442812118,2,0.5,1.0,49.23782531851067,49.23782531851067,3.9236549053822616,432.18047741416416,458.7087542893738
800.0,1182.2709821586147,5.116993442812118,3,0.5,1.0,15.922448164951817,15.922448164951817,6.69841408356309,148.2868940109879,7057.804308271059
800.0,1182.2709821586147,5.116993442812118,4,0.5,1.0,5.650653056697121,5.650653056697121,11.045207339124477,54.53797464129165,89163.3665332828
800.0,1182.2709821586147,5.116993442812118,5,0.5,1.0,2.0393075478647416,2.0393075478647416,17.877625265540544,20.817428981994045,1047635.5928034479
800.0,1182.2709821586147,5.116993442812118,6,0.5,1.0,0.7150167526760289,0.7150167526760289,28.268660264603827,8.325997924707343,11813074.540902961
800.0,1182.2709821586147,5.116993442812118,7,0.5,1.0,0.2279806383342466,0.2279806383342466,42.61799171495547,3.6632013451946244,126953435.7898266
800.0,1182.2709821586147,5.116993442812118,8,0.5,1.0,0.058628051588675525,0.058628051588675525,58.33801584755273,1.954985060752539,1266231121.1123807
800.0,1182.2709821586147,5.116993442812118,9,0.5,1.0,0.010356150031601974,0.010356150031601974,68.37382074236875,1.423203664075765,11540767607.813393
800.0,1182.2709821586147,5.116993442812118,10,0.5,1.0,0.0011580263661809588,0.0011580263661809588,67.09075115841303,1.4781599890807886,97506372020.07385
1000.0,1382.2709821586147,4.5090800890203395,1,0.5,1.0,208.40233218409568,208.40233218409568,2.0366500317527048,1604.0353482221028,15.156891176980896
1000.0,1382.2709821586147,4.5090800890203395,2,0.5,1.0,44.134420328316885,44.134420328316885,3.924089038952295,432.08485589640844,511.92061015542305
1000.0,1382.2709821586147,4.5090800890203395,3,0.5,1.0,14.008876536405317,14.008876536405317,6.769982966032094,145.1682359248593,8281.764989004576
1000.0,1382.2709821586147,4.5090800890203395,4,0.5,1.0,4.871027038875785,4.871027038875785,11.294805744529476,52.154191724164086,110606.1409579639
1000.0,1382.2709821586147,4.5090800890203395,5,0.5,1.0,1.722348562279085,1.722348562279085,18.517937916086563,19.40267029116142,1378542.9660625733
1000.0,1382.2709821586147,4.5090800890203395,6,0.5,1.0,0.5926877793039038,0.5926877793039038,29.6984635169104,7.54360238030329,16524923.334238522
1000.0,1382.2709821586147,4.5090800890203395,7,0.5,1.0,0.18600711245480345,0.18600711245480345,45.46875559845254,3.2182561978319386,188961416.922926
1000.0,1382.2709821586147,4.5090800890203395,8,0.5,1.0,0.04708719363021231,0.04708719363021231,63.166580339426766,1.6675237154593476,2001348743.7350252
1000.0,1382.2709821586147,4.5090800890203395,9,0.5,1.0,0.008097552146110309,0.008097552146110309,74.72787351509062,1.1914655873254592,19268930078.494366
1000.0,1382.2709821586147,4.5090800890203395,10,0.5,1.0,0.0008619682200177615,0.0008619682200177615,73.36147934138427,1.2362622003750179,171268095828.77774
1200.0,1582.2709821586147,4.031684754346037,1,0.5,1.0,190.5673513440664,190.5673513440664,2.0095131340184276,1647.650343189398,15.921630161059879
1200.0,1582.2709821586147,4.031684754346037,2,0.5,1.0,39.90185252548629,39.90185252548629,3.9004255093161353,437.34359948287886,556.0404517253684
1200.0,1582.2709821586147,4.031684754346037,3,0.5,1.0,12.472531416839185,12.472531416839185,6.787226200565112,144.43156083536064,9373.156012564337
1200.0,1582.2709821586147,4.031684754346037,4,0.5,1.0,4.264281585640391,4.264281585640391,11.43208840634189,50.90912148843778,131006.94827314452
1200.0,1582.2709821586147,4.031684754346037,5,0.5,1.0,1.482441506688833,1.482441506688833,18.93892878110667,18.549658961137848,1713373.9071575548
1200.0,1582.2709821586147,4.031684754346037,6,0.5,1.0,0.5021998807474426,0.5021998807474426,30.721799561319784,7.049421009883651,21588716.88943087
1200.0,1582.2709821586147,4.031684754346037,7,0.5,1.0,0.15550447327961392,0.15550447327961392,47.621146125979514,2.9339118688758727,259669012.62570927
1200.0,1582.2709821586147,4.031684754346037,8,0.5,1.0,0.03884255824635351,0.03884255824635351,66.94554322681063,1.4845793361143058,2888156127.5206914
1200.0,1582.2709821586147,4.031684754346037,9,0.5,1.0,0.006531389604672285,0.006531389604672285,79.78425105106136,1.0452312991286348,29074309509.68383
1200.0,1582.2709821586147,4.031684754346037,10,0.5,1.0,0.0006673269282876605,0.0006673269282876605,78.32821995760595,1.084451757697731,269264812533.68542
1400.0,1782.2709821586147,3.6449238826554105,1,0.5,1.0,175.46283228448672,175.46283228448672,1.9789486952549316,1698.9385893653887,16.515128318241445
1400.0,1782.2709821586147,3.6449238826554105,2,0.5,1.0,36.38813525121835,36.38813525121835,3.864953540078691,445.4081873559159,593.2483174285097
1400.0,1782.2709821586147,3.6449238826554105,3,0.5,1.0,11.227646229024456,11.227646229024456,6.774191481041337,144.98791834003785,10352.545962951748
1400.0,1782.2709821586147,3.6449238826554105,4,0.5,1.0,3.7842490681074485,3.7842490681074485,11.50156926317504,50.29589642689417,150333.257126802
1400.0,1782.2709821586147,3.6449238826554105,5,0.5,1.0,1.2967344812469959,1.2967344812469959,19.21979446753747,18.011474727402266,2047192.3045158447
1400.0,1782.2709821586147,3.6449238826554105,6,0.5,1.0,0.4334272213819409,0.4334272213819409,31.4731751069585,6.716849774181381,26894840.47926276
1400.0,1782.2709821586147,3.6449238826554105,7,0.5,1.0,0.1326465996850102,0.1326465996850102,49.28583355675103,2.7390662655664295,337468840.13239235
1400.0,1782.2709821586147,3.6449238826554105,8,0.5,1.0,0.03274397075196893,0.03274397075196893,69.96086478610633,1.359366030217027,3910188067.231548
1400.0,1782.2709821586147,3.6449238826554105,9,0.5,1.0,0.005398859912742593,0.005398859912742593,83.86646483146568,0.945954129686969,40853233301.23416
1400.0,1782.2709821586147,3.6449238826554105,10,0.5,1.0,0.0005324493469127476,0.0005324493469127476,82.3047652764286,0.9821928987576071,391525565674.9356
1600.0,1982.2709821586147,3.3239485015519055,1,0.5,1.0,162.67920635415592,162.67920635415592,1.9479216276513944,1753.492013321895,16.98814174528817
1600.0,1982.2709821586147,3.3239485015519055,2,0.5,1.0,33.4588587059104,33.4588587059104,3.8246180905876117,454.8525160562941,625.1965663443642
1600.0,1982.2709821586147,3.3239485015519055,3,0.5,1.0,10.20907235872698,10.20907235872698,6.745071757859624,146.2424999942377,11239.23943300431
1600.0,1982.2709821586147,3.3239485015519055,4,0.5,1.0,3.3988222213974764,3.3988222213974764,11.53052811772812,50.04357796858374,168648.55746994817
1600.0,1982.2709821586147,3.3239485015519055,5,0.5,1.0,1.1502189098729736,1.1502189098729736,19.410766213295542,17.65880835959781,2377447.9399863123
1600.0,1982.2709821586147,3.3239485015519055,6,0.5,1.0,0.3799712135229234,0.3799712135229234,32.04086876502761,6.480942747904004,32368728.200455703
1600.0,1982.2709821586147,3.3239485015519055,7,0.5,1.0,0.11508116207189001,0.11508116207189001,50.60625930079815,2.5979948053914317,421087115.42645574
1600.0,1982.2709821586147,3.3239485015519055,8,0.5,1.0,0.02810414984367047,0.02810414984367047,72.41462467001494,1.2688029600736905,5052099346.321674
1600.0,1982.2709821586147,3.3239485015519055,9,0.5,1.0,0.004552267071314611,0.004552267071314611,87.20910067134832,0.8748289279346627,54478002195.7062
1600.0,1982.2709821586147,3.3239485015519055,10,0.5,1.0,0.00043508941782064787,0.00043508941782064787,85.51955369538129,0.9097370868979507,537503428684.16693
1800.0,2182.270982158615,3.0524023971438474,1,0.5,1.0,153.31508953453178,153.31508953453178,1.927329138400875,1791.1624518702893,17.460080567622647
1800.0,2182.270982158615,3.0524023971438474,2,0.5,1.0,31.304963200418186,31.304963200418186,3.8017434949635516,460.3425596906462,656.2944312422642
1800.0,2182.270982158615,3.0524023971438474,3,0.5,1.0,9.458746207331869,9.458746207331869,6.7408888439144405,146.42405159717006,12108.250764936804
1800.0,2182.270982158615,3.0524023971438474,4,0.5,1.0,3.1150809936426977,3.1150809936426977,11.591625977679817,49.51742269966729,186950.75256386446
1800.0,2182.270982158615,3.0524023971438474,5,0.5,1.0,1.0425531865286324,1.0425531865286324,19.63719116437149,17.253929351079805,2715834.9067210485
1800.0,2182.270982158615,3.0524023971438474,6,0.5,1.0,0.34070683743502705,0.34070683743502705,32.63193552213808,6.248288629999829,38133892.293005966
1800.0,2182.270982158615,3.0524023971438474,7,0.5,1.0,0.10211486135729536,0.10211486135729536,51.891746799742286,2.4708715597723154,511645785.62420905
1800.0,2182.270982158615,3.0524023971438474,8,0.5,1.0,0.02463164791026772,0.02463164791026772,74.67700231559597,1.1930894320542056,6321652844.948687
1800.0,2182.270982158615,3.0524023971438474,9,0.5,1.0,0.003909521419852195,0.003909521419852195,90.11795123407497,0.8192644906632272,69996095457.99811
1800.0,2182.270982158615,3.0524023971438474,10,0.5,1.0,0.00036175829818741747,0.00036175829818741747,88.14064948639876,0.8564347064387086,707739963795.0895
2000.0,2382.270982158615,2.8190424973086947,1,0.5,1.0,144.58075577814958,144.58075577814958,1.9030608319429358,1837.1364312716826,17.824239303801512
2000.0,2382.270982158615,2.8190424973086947,2,0.5,1.0,29.332364392305642,29.332364392305642,3.769262039042079,468.31071000202985,682.6300504388767
2000.0,2382.270982158615,2.8190424973086947,3,0.5,1.0,8.786211705259586,8.786211705259586,6.715133277258496,147.5494102335269,12886.22555626311
2000.0,2382.270982158615,2.8190424973086947,4,0.5,1.0,2.865994639148423,2.865994639148423,11.607701758188641,49.38036197670429,204045.4109251745
2000.0,2382.270982158615,2.8190424973086947,5,0.5,1.0,0.9498303968176722,0.9498303968176722,19.774343551071844,17.015417160232996,3043852.78280817
2000.0,2382.270982158615,2.8190424973086947,6,0.5,1.0,0.307475403686952,0.307475403686952,33.054881552736425,6.089414551736272,43919755.90312681
2000.0,2382.270982158615,2.8190424973086947,7,0.5,1.0,0.09132361136575745,0.09132361136575745,52.88521993088578,2.37891060141079,605596490.053515
2000.0,2382.270982158615,2.8190424973086947,8,0.5,1.0,0.021799570965586615,0.021799570965586615,76.50350458856146,1.1368000666894043,7679970063.961189
2000.0,2382.270982158615,2.8190424973086947,9,0.5,1.0,0.003400812188318598,0.003400812188318598,92.5127873502348,0.7773976418769185,87053479083.40407
2000.0,2382.270982158615,2.8190424973086947,10,0.5,1.0,0.0003060102486013036,0.0003060102486013036,90.29339162315603,0.8160839158184394,899488074534.3788
2200.0,2582.270982158615,2.6158642395032183,1,0.5,1.0,137.38888614339942,137.38888614339942,1.882716855265309,1877.053840340057,18.16213551565323
2200.0,2582.270982158615,2.6158642395032183,2,0.5,1.0,27.71325127803143,27.71325127803143,3.7426136106858467,475.0034521851606,707.2956395315861
2200.0,2582.270982158615,2.6158642395032183,3,0.5,1.0,8.237012525091357,8.237012525091357,6.695982333469294,148.3946189506911,13628.142103087941
2200.0,2582.270982158615,2.6158642395032183,4,0.5,1.0,2.6638563506522197,2.6638563506522197,11.628409745522895,49.20464449973241,220705.756109497
2200.0,2582.270982158615,2.6158642395032183,5,0.5,1.0,0.8750713709942927,0.8750713709942927,19.90755513145682,16.788461420098123,3371116.7080218927
2200.0,2582.270982158615,2.6158642395032183,6,0.5,1.0,0.28082764815072114,0.28082764815072114,33.45016240817683,5.946347560142168,49833146.709929176
2200.0,2582.270982158615,2.6158642395032183,7,0.5,1.0,0.08269343681066078,0.08269343681066078,53.79536459822592,2.29909565496003,703925999.5756329
2200.0,2582.270982158615,2.6158642395032183,8,0.5,1.0,0.019533161590657006,0.019533161590657006,78.14055041793492,1.0896670513072688,9133144683.008986
2200.0,2582.270982158615,2.6158642395032183,9,0.5,1.0,0.0029946950663759884,0.0029946950663759884,94.58918670086032,0.7436417575270031,105666019873.22151
2200.0,2582.270982158615,2.6158642395032183,10,0.5,1.0,0.00026228113892924295,0.00026228113892924295,92.07257853877645,0.7848490543621368,1112723702715.827
2400.0,2782.270982158615,2.4370008141964985,1,0.5,1.0,131.43117654462787,131.43117654462787,1.8659380522835676,1910.9631324635077,18.48233130305156
2400.0,2782.270982158615,2.4370008141964985,2,0.5,1.0,26.37394497854942,26.37394497854942,3.7214847655100805,480.4124572801366,730.6966611795591
2400.0,2782.270982158615,2.4370008141964985,3,0.5,1.0,7.78415504903319,7.78415504903319,6.683632924523967,148.94350573071767,14341.341374984851
2400.0,2782.270982158615,2.4370008141964985,4,0.5,1.0,2.4979104252534143,2.4979104252534143,11.655403686172779,48.97699229644169,237011.04306357604
2400.0,2782.270982158615,2.4370008141964985,5,0.5,1.0,0.813996022120045,0.813996022120045,20.041855245406293,16.564216914997164,3697898.2995911026
2400.0,2782.270982158615,2.4370008141964985,6,0.5,1.0,0.2591470531551731,0.2591470531551731,33.82991325119506,5.813597801739335,55862434.70246537
2400.0,2782.270982158615,2.4370008141964985,7,0.5,1.0,0.0756839341675567,0.0756839341675567,54.64772460241083,2.2279353473324455,806261707.8031359
2400.0,2782.270982158615,2.4370008141964985,8,0.5,1.0,0.01768987332964805,0.01768987332964805,79.63379609869813,1.049184615225272,10674093816.431112
2400.0,2782.270982158615,2.4370008141964985,9,0.5,1.0,0.002664986834263008,0.002664986834263008,96.41227621663839,0.7157841520795226,125737674372.20187
2400.0,2782.270982158615,2.4370008141964985,10,0.5,1.0,0.0002273561219052403,0.0002273561219052403,93.55088494328719,0.7602404111675425,1346481930772.095
2600.0,2982.270982158615,2.2780459209465995,1,0.5,1.0,126.45305926082884,126.45305926082884,1.852216014382771,1939.3825409702733,18.789232744907036
2600.0,2982.270982158615,2.2780459209465995,2,0.5,1.0,25.255171359645136,25.255171359645136,3.705167047099599,484.6532902935882,753.072071010824
2600.0,2982.270982158615,2.2780459209465995,3,0.5,1.0,7.406548111041215,7.406548111041215,6.677394905316145,149.22192162524476,15030.340468277509
2600.0,2982.270982158615,2.2780459209465995,4,0.5,1.0,2.359971823702292,2.359971823702292,11.688496668275201,48.700053295126416,253007.05798462173
2600.0,2982.270982158615,2.2780459209465995,5,0.5,1.0,0.7634186388558303,0.7634186388558303,20.178650192833356,16.340394144821815,4024176.8495260165
2600.0,2982.270982158615,2.2780459209465995,6,0.5,1.0,0.2412511530182223,0.2412511530182223,34.199496689505196,5.688625214965994,61994509.546403036
2600.0,2982.270982158615,2.2780459209465995,7,0.5,1.0,0.06990480552308267,0.06990480552308267,55.45623308956491,2.163445794709413,912236719.9365872
2600.0,2982.270982158615,2.2780459209465995,8,0.5,1.0,0.016167908374511875,0.016167908374511875,81.0122112219844,1.0137848072378142,12295922072.337723
2600.0,2982.270982158615,2.2780459209465995,9,0.5,1.0,0.002393304627863901,0.002393304627863901,98.02881627165793,0.6923715823189558,147172537188.7028
2600.0,2982.270982158615,2.2780459209465995,10,0.5,1.0,0.00019903515924131167,0.00019903515924131167,94.78473090402201,0.7405766048258923,1599737870779.4927
2800.0,3182.270982158615,2.1356205077248855,1,0.5,1.0,122.24734239653897,122.24734239653897,1.8409978757992824,1963.089844923175,19.08463762044255
2800.0,3182.270982158615,2.1356205077248855,2,0.5,1.0,24.309625747289015,24.309625747289015,3.692788978623753,487.9078092834351,774.5486161584847
2800.0,3182.270982158615,2.1356205077248855,3,0.5,1.0,7.087737271629963,7.087737271629963,6.676146839930216,149.27771911675308,15697.609183157643
2800.0,3182.270982158615,2.1356205077248855,4,0.5,1.0,2.2437880693454866,2.2437880693454866,11.726514692890206,48.38478851746264,268712.8925944087
2800.0,3182.270982158615,2.1356205077248855,5,0.5,1.0,0.720949301197376,0.720949301197376,20.31726893336812,16.118183388026086,4349654.332043298
2800.0,3182.270982158615,2.1356205077248855,6,0.5,1.0,0.22626551124374708,0.22626551124374708,34.56018469893831,5.570505939856599,68213963.65635695
2800.0,3182.270982158615,2.1356205077248855,7,0.5,1.0,0.06507041584495481,0.06507041584495481,56.22748024979718,2.1045027998650685,1021470350.461464
2800.0,3182.270982158615,2.1356205077248855,8,0.5,1.0,0.014893389551416319,0.014893389551416319,82.2937230416249,0.982456499232722,13991686482.084364
2800.0,3182.270982158615,2.1356205077248855,9,0.5,1.0,0.0021664576489250275,0.0021664576489250275,99.472747584809,0.6724167501307796,169873494391.13037
2800.0,3182.270982158615,2.1356205077248855,10,0.5,1.0,0.00017576858100781177,0.00017576858100781177,95.81842704067662,0.7246840067961551,1871411729514.793
3000.0,3382.270982158615,2.0070862583058586,1,0.5,1.0,118.65172336387785,118.65172336387785,1.83178241309278,1982.8916372403103,19.36917338963363
3000.0,3382.270982158615,2.0070862583058586,2,0.5,1.0,23.500684669633014,23.500684669633014,3.6835264486818957,490.36466294341585,795.1962891761522
3000.0,3382.270982158615,2.0070862583058586,3,0.5,1.0,6.8151610785679395,6.8151610785679395,6.67874717968479,149.16150054749215,16344.527443992518
3000.0,3382.270982158615,2.0070862583058586,4,0.5,1.0,2.1446499737306635,2.1446499737306635,11.768066589182936,48.04370779779786,284133.48115892406
3000.0,3382.270982158615,2.0070862583058586,5,0.5,1.0,0.684809209836071,0.684809209836071,20.45636173599325,15.89973776574886,4673896.320994929
3000.0,3382.270982158615,2.0070862583058586,6,0.5,1.0,0.2135453125844494,0.2135453125844494,34.91159497288421,5.4589280510736184,74504501.07649274
3000.0,3382.270982158615,2.0070862583058586,7,0.5,1.0,0.060971351660209325,0.060971351660209325,56.96458453749562,2.0503919245879345,1133580749.721269
3000.0,3382.270982158615,2.0070862583058586,8,0.5,1.0,0.013812277295841105,0.013812277295841105,83.49021553724702,0.954499239727356,15754511453.9758
3000.0,3382.270982158615,2.0070862583058586,9,0.5,1.0,0.0019748147871711088,0.0019748147871711088,100.76974326993522,0.6552189463606163,193743690524.35117
3000.0,3382.270982158615,2.0070862583058586,10,0.5,1.0,0.0001564361287178907,0.0001564361287178907,96.6871428918587,0.7117202083948406,2160392213189.9895
3200.0,3582.270982158615,1.8903506461435988,1,0.5,1.0,115.54290512735301,115.54290512735301,1.824163363848486,1999.490259788889,19.643161483587864
3200.0,3582.270982158615,1.8903506461435988,2,0.5,1.0,22.800680237232072,22.800680237232072,3.6767042477466814,492.18611483876396,815.0641076189919
3200.0,3582.270982158615,1.8903506461435988,3,0.5,1.0,6.579396338601288,6.579396338601288,6.6842445946222275,148.9162475659231,16972.055139799457
3200.0,3582.270982158615,1.8903506461435988,4,0.5,1.0,2.0590500814239627,2.0590500814239627,11.811957542617007,47.6873288652443,299269.32502687635
3200.0,3582.270982158615,1.8903506461435988,5,0.5,1.0,0.6536820771451777,0.6536820771451777,20.59468373406763,15.686877214129748,4996458.51480835
3200.0,3582.270982158615,1.8903506461435988,6,0.5,1.0,0.2026156883664061,0.2026156883664061,35.253109720186686,5.353673551966973,80850500.16109893
3200.0,3582.270982158615,1.8903506461435988,7,0.5,1.0,0.057453633414882965,0.057453633414882965,57.6695334578485,2.0005705678311845,1248203216.2839477
3200.0,3582.270982158615,1.8903506461435988,8,0.5,1.0,0.012884709385432654,0.012884709385432654,84.6106652600451,0.9293868680916305,17577786452.56869
3200.0,3582.270982158615,1.8903506461435988,9,0.5,1.0,0.0018112299476957837,0.0018112299476957837,101.94019964330727,0.6402591469748456,218688694138.246
3200.0,3582.270982158615,1.8903506461435988,10,0.5,1.0,0.00014021003000337594,0.00014021003000337594,97.41906205471287,0.701065932324228,2465563724621.806
3400.0,3782.270982158615,1.7837309629977587,1,0.5,1.0,112.82645757916175,112.82645757916175,1.817814725339444,2013.4809128252518,19.9067966869969
3400.0,3782.270982158615,1.7837309629977587,2,0.5,1.0,22.18850892781536,22.18850892781536,3.6717776820835653,493.5077710710064,834.1890735923868
3400.0,3782.270982158615,1.7837309629977587,3,0.5,1.0,6.373293725940668,6.373293725940668,6.691865552727537,148.577257414506,17580.902633593483
3400.0,3782.270982158615,1.7837309629977587,4,0.5,1.0,1.9843420360495476,1.9843420360495476,11.857203097702996,47.324085862618425,314118.65280523035
3400.0,3782.270982158615,1.7837309629977587,5,0.5,1.0,0.6265798471269796,0.6265798471269796,20.731179267204734,15.480990248108744,5316907.210249919
3400.0,3782.270982158615,1.7837309629977587,6,0.5,1.0,0.19312152323868656,0.19312152323868656,35.584120731916066,5.254534805669397,87237160.5102593
3400.0,3782.270982158615,1.7837309629977587,7,0.5,1.0,0.05440221749488981,0.05440221749488981,58.343747036870816,1.9546009976864986,1364991140.6066086
3400.0,3782.270982158615,1.7837309629977587,8,0.5,1.0,0.012080794181751812,0.012080794181751812,85.66217308535182,0.9067103567512644,19455180263.831444
3400.0,3782.270982158615,1.7837309629977587,9,0.5,1.0,0.0016703099231685648,0.0016703099231685648,103.00066387561805,0.6271431795090505,244616919510.77054
3400.0,3782.270982158615,1.7837309629977587,10,0.5,1.0,0.00012646795308658807,0.00012646795308658807,98.03696780415162,0.6922564491209464,2785817127687.1143
3600.0,3982.270982158615,1.685857395791012,1,0.5,1.0,110.4256873462887,110.4256873462887,1.8124455900764733,2025.4279351322864,20.159896800970944
3600.0,3982.270982158615,1.685857395791012,2,0.5,1.0,21.647181546163026,21.647181546163026,3.668249341778336,494.4575978808056,852.5869241552293
3600.0,3982.270982158615,1.685857395791012,3,0.5,1.0,6.1911582899374515,6.1911582899374515,6.700877731392336,148.1778755984492,18171.327481081236
3600.0,3982.270982158615,1.685857395791012,4,0.5,1.0,1.9184392939779569,1.9184392939779569,11.902813670109051,46.96209698319012,328673.2251273699
3600.0,3982.270982158615,1.685857395791012,5,0.5,1.0,0.6027305676993603,0.6027305676993603,20.864652637235643,15.283556741116275,5634738.180899605
3600.0,3982.270982158615,1.685857395791012,6,0.5,1.0,0.18478744539731148,0.18478744539731148,35.903560169590705,5.161449959730934,93649090.89262846
3600.0,3982.270982158615,1.685857395791012,7,0.5,1.0,0.05172836822807412,0.05172836822807412,58.987532744037466,1.912169067135983,1483595125.6167943
3600.0,3982.270982158615,1.685857395791012,8,0.5,1.0,0.01137753897542929,0.01137753897542929,86.64966761499917,0.8861616452683472,21380401362.293617
3600.0,3982.270982158615,1.685857395791012,9,0.5,1.0,0.001547910884971331,0.001547910884971331,103.96427129539856,0.6155715270160478,271437514342.84238
3600.0,3982.270982158615,1.685857395791012,10,0.5,1.0,0.00011473562835037948,0.00011473562835037948,98.55942444574507,0.6849366950279165,3120036394322.9263
3800.0,4182.270982158615,1.5956025948026196,1,0.5,1.0,108.27439020922954,108.27439020922954,1.8077692077690568,2035.9203432368531,20.401715626739897
3800.0,4182.270982158615,1.5956025948026196,2,0.5,1.0,21.162233229265816,21.162233229265816,3.6656117254754803,495.1694346699775,870.2446639684135
3800.0,4182.270982158615,1.5956025948026196,3,0.5,1.0,6.028219542672321,6.028219542672321,6.71049502105403,147.75345136085045,18742.956494846883
3800.0,4182.270982158615,1.5956025948026196,4,0.5,1.0,1.8596208724517411,1.8596208724517411,11.947642866951913,46.61034166603931,342914.43523490755
3800.0,4182.270982158615,1.5956025948026196,5,0.5,1.0,0.5815062270056672,0.5815062270056672,20.99353266370503,15.096480172184881,5949297.51812479
3800.0,4182.270982158615,1.5956025948026196,6,0.5,1.0,0.1773920681114963,0.1773920681114963,36.20955825950716,5.074582272321022,100068863.00508271
3800.0,4182.270982158615,1.5956025948026196,7,0.5,1.0,0.0493614873882799,0.0493614873882799,59.59967941993663,1.873091115062008,1603640499.983689
3800.0,4182.270982158615,1.5956025948026196,8,0.5,1.0,0.010756832434288712,0.010756832434288712,87.57568435874805,0.8675203511184681,23346925541.509274
3800.0,4182.270982158615,1.5956025948026196,9,0.5,1.0,0.001440797597612232,0.001440797597612232,104.8410862043251,0.6053181939944708,299057736572.98267
3800.0,4182.270982158615,1.5956025948026196,10,0.5,1.0,0.0001046471394846315,0.0001046471394846315,99.00166790852786,0.6788310963885786,3467078340230.7354
4000.0,4382.270982158615,1.512029606476399,1,0.5,1.0,106.31483117141062,106.31483117141062,1.8035051793605363,2045.5587793112184,20.631072729573578
4000.0,4382.270982158615,1.512029606476399,2,0.5,1.0,20.721214532629993,20.721214532629993,3.6633552369806415,495.7796338895031,887.1261442379529
4000.0,4382.270982158615,1.512029606476399,3,0.5,1.0,5.880435628283413,5.880435628283413,6.719898675176199,147.34021590655595,19294.883294743082
4000.0,4382.270982158615,1.512029606476399,4,0.5,1.0,1.8064504553826226,1.8064504553826226,11.990435923906771,46.278237024709064,356814.3771750047
4000.0,4382.270982158615,1.512029606476399,5,0.5,1.0,0.5623897220164447,0.5623897220164447,21.115974686337665,14.921912391287899,6259786.271156814
4000.0,4382.270982158615,1.512029606476399,6,0.5,1.0,0.1707552441634982,0.1707552441634982,36.499644672334256,4.994240798162098,106476886.0550045
4000.0,4382.270982158615,1.512029606476399,7,0.5,1.0,0.04724474271959054,0.04724474271959054,60.177823213147896,1.8372734660093273,1724723244.1629636
4000.0,4382.270982158615,1.512029606476399,8,0.5,1.0,0.010204246481664327,0.010204246481664327,88.4409337617403,0.850628859034634,25347930027.665424
4000.0,4382.270982158615,1.512029606476399,9,0.5,1.0,0.0013464141983304068,0.0013464141983304068,105.63879072051488,0.5962108966212536,327382199925.2184
4000.0,4382.270982158615,1.512029606476399,10,0.5,1.0,9.591647067796827e-05,9.591647067796827e-05,99.37628457049729,0.6737227926698579,3825767369787.333
4200.0,4582.270982158615,1.434352785080355,1,0.5,1.0,104.49960012238118,104.49960012238118,1.7994099795842022,2054.8801728186827,20.846791748856443
4200.0,4582.270982158615,1.434352785080355,2,0.5,1.0,20.313966663024015,20.313966663024015,3.6610330358694325,496.40878153252356,903.1911851115199
4200.0,4582.270982158615,1.434352785080355,3,0.5,1.0,5.744533220762977,5.744533220762977,6.728361483957851,146.96980539738522,19826.072280618628
4200.0,4582.270982158615,1.434352785080355,4,0.5,1.0,1.7577732960141432,1.7577732960141432,12.030059502483317,45.97388449787152,370342.83446537267
4200.0,4582.270982158615,1.434352785080355,5,0.5,1.0,0.5449680111762928,0.5449680111762928,21.23027538036509,14.761670133260694,6565372.2347669825
4200.0,4582.270982158615,1.434352785080355,6,0.5,1.0,0.16473383714887482,0.16473383714887482,36.77146548475993,4.9206771804269085,112853097.38242453
4200.0,4582.270982158615,1.434352785080355,7,0.5,1.0,0.0453331337064969,0.0453331337064969,60.71955937960838,1.8046356335311389,1846433092.7755876
4200.0,4582.270982158615,1.434352785080355,8,0.5,1.0,0.009708355589491234,0.009708355589491234,89.24563512964401,0.8353582807262622,27376552764.64288
4200.0,4582.270982158615,1.434352785080355,9,0.5,1.0,0.0012627271144710671,0.0012627271144710671,106.36371720416022,0.5881115896323007,356315320518.51904
4200.0,4582.270982158615,1.434352785080355,10,0.5,1.0,8.831683667089145e-05,8.831683667089145e-05,99.69373400442993,0.6694390248035079,4194918863218.247
4400.0,4782.270982158615,1.3619080373662915,1,0.5,1.0,102.79348981926387,102.79348981926387,1.7953064215416241,2064.2846476167606,21.048135196552465
4400.0,4782.270982158615,1.3619080373662915,2,0.5,1.0,19.932913274506134,19.932913274506134,3.6583237129019976,497.14432591899043,918.4152817096468
4400.0,4782.270982158615,1.3619080373662915,3,0.5,1.0,5.618058403063027,5.618058403063027,6.735368106336235,146.6641869681117,20335.799013313663
4400.0,4782.270982158615,1.3619080373662915,4,0.5,1.0,1.7127193489418555,1.7127193489418555,12.065725262009867,45.70249259360201,383475.4578926608
4400.0,4782.270982158615,1.3619080373662915,5,0.5,1.0,0.5289283973383976,0.5289283973383976,21.33527814554211,14.616726915141866,6865331.702832762
4400.0,4782.270982158615,1.3619080373662915,6,0.5,1.0,0.1592188934962511,0.1592188934962511,37.02348575533478,4.853914711686663,119179290.63947763
4400.0,4782.270982158615,1.3619080373662915,7,0.5,1.0,0.04359210226271125,0.04359210226271125,61.22352525650488,1.775047935925745,1968387809.3054943
4400.0,4782.270982158615,1.3619080373662915,8,0.5,1.0,0.009260230961617691,0.009260230961617691,89.99077664329405,0.8215816891674188,29426300343.568333
4400.0,4782.270982158615,1.3619080373662915,9,0.5,1.0,0.0011881093931155576,0.0011881093931155576,107.02175475757306,0.580901658280377,385765384915.4711
4400.0,4782.270982158615,1.3619080373662915,10,0.5,1.0,8.166594768695774e-05,8.166594768695774e-05,99.96275539347603,0.6658406629843585,4573378354213.631
4600.0,4982.270982158615,1.2941298845524725,1,0.5,1.0,101.17325161908148,101.17325161908148,1.7910935188445565,2074.007041354318,21.235014474471445
4600.0,4982.270982158615,1.2941298845524725,2,0.5,1.0,19.572950816333783,19.572950816333783,3.655053978168014,498.03419357213653,932.8000541452592
4600.0,4982.270982158615,1.2941298845524725,3,0.5,1.0,5.499319506227532,5.499319506227532,6.740661902618812,146.43391122930728,20823.90447473583
4600.0,4982.270982158615,1.2941298845524725,4,0.5,1.0,1.670675810692488,1.670675810692488,12.097082590838152,45.4658651804137,396198.87212122907
4600.0,4982.270982158615,1.2941298845524725,5,0.5,1.0,0.5140464019521612,0.5140464019521612,21.430550757488845,14.487054250816785,7159144.953671149
4600.0,4982.270982158615,1.2941298845524725,6,0.5,1.0,0.15413074466997315,0.15413074466997315,37.2553120703448,4.793694354381697,125440802.15022017
4600.0,4982.270982158615,1.2941298845524725,7,0.5,1.0,0.04199579065836901,0.04199579065836901,61.689914799381526,1.7483098741065035,2090259622.7063944
4600.0,4982.270982158615,1.2941298845524725,8,0.5,1.0,0.008852950858958509,0.008852950858958509,90.6787263732285,0.8091628362767258,31491377905.550793
4600.0,4982.270982158615,1.2941298845524725,9,0.5,1.0,0.0011212502168747051,0.0011212502168747051,107.61882727241095,0.5744738187993913,415648012193.9163
4600.0,4982.270982158615,1.2941298845524725,10,0.5,1.0,7.581566054891458e-05,7.581566054891458e-05,100.19068632781863,0.6628145722626261,4960056391040.792
4800.0,5182.270982158615,1.2305335754679194,1,0.5,1.0,99.6254088672206,99.6254088672206,1.7867370723537623,2084.133115115627,21.40796130361951
4800.0,5182.270982158615,1.2305335754679194,2,0.5,1.0,19.230976224879186,19.230976224879186,3.6511816683590284,499.0911474786717,946.3732979764059
4800.0,5182.270982158615,1.2305335754679194,3,0.5,1.0,5.387233963204705,5.387233963204705,6.744218029288915,146.27952706015418,21290.8230671571
4800.0,5182.270982158615,1.2305335754679194,4,0.5,1.0,1.6312329552787406,1.6312329552787406,12.12417846769042,45.26287231265109,408511.66020089533
4800.0,5182.270982158615,1.2305335754679194,5,0.5,1.0,0.5001664281783869,0.5001664281783869,21.516328820380444,14.371774881999183,7446521.751851002
4800.0,5182.270982158615,1.2305335754679194,6,0.5,1.0,0.14941237026992216,0.14941237026992216,37.467620026542775,4.7395219264875355,131627080.45476317
4800.0,5182.270982158615,1.2305335754679194,7,0.5,1.0,0.04052501436258532,0.04052501436258532,62.120401236160895,1.7241627056978037,2211785779.040542
4800.0,5182.270982158615,1.2305335754679194,8,0.5,1.0,0.008481126460713693,0.008481126460713693,91.31318413341222,0.79795752948473,33566835839.1806
4800.0,5182.270982158615,1.2305335754679194,9,0.5,1.0,0.0010610833013250007,0.0010610833013250007,108.1609650965363,0.568729353469456,445887875801.5566
4800.0,5182.270982158615,1.2305335754679194,10,0.5,1.0,7.064462564599475e-05,7.064462564599475e-05,100.38371495498295,0.6602679604642502,5353947961074.645
5000.0,5382.270982158615,1.1707009912130686,1,0.5,1.0,98.14324179589411,98.14324179589411,1.7822500440074753,2094.640435611037,21.56795582962884
5000.0,5382.270982158615,1.1707009912130686,2,0.5,1.0,18.905269270208205,18.905269270208205,3.6467573228476855,500.3029041037675,959.1824102796662
5000.0,5382.270982158615,1.1707009912130686,3,0.5,1.0,5.28114059565451,5.28114059565451,6.746175872638633,146.19463427142915,21737.456699626946
5000.0,5382.270982158615,1.1707009912130686,4,0.5,1.0,1.5941218734587477,1.5941218734587477,12.147342490983808,45.09041145475228,420422.3455213
5000.0,5382.270982158615,1.1707009912130686,5,0.5,1.0,0.48718082924528655,0.48718082924528655,21.59332458516186,14.269466139160201,7727372.19717979
5000.0,5382.270982158615,1.1707009912130686,6,0.5,1.0,0.14502261473079475,0.14502261473079475,37.66185045233375,4.690762474283262,137731321.60921067
5000.0,5382.270982158615,1.1707009912130686,7,0.5,1.0,0.0391653203286718,0.0391653203286718,62.51770988680363,1.7023177582095834,2332764952.1993737
5000.0,5382.270982158615,1.1707009912130686,8,0.5,1.0,0.008140488361919964,0.008140488361919964,91.89874813364759,0.7878210134810066,35648544989.91281
5000.0,5382.270982158615,1.1707009912130686,9,0.5,1.0,0.001006731296148514,0.001006731296148514,108.6541442786877,0.5635781662776488,476418700317.7212
5000.0,5382.270982158615,1.1707009912130686,10,0.5,1.0,6.605288317284567e-05,6.605288317284567e-05,100.54708096684108,0.6581241346233604,5754135756005.583
5200.0,5582.270982158615,1.1142694299146894,1,0.5,1.0,96.7239566266695,96.7239566266695,1.7776718151085824,2105.4434331506845,21.71621781119645
5200.0,5582.270982158615,1.1142694299146894,2,0.5,1.0,18.594923539112347,18.594923539112347,3.641882885880745,501.6430498848113,971.285740446223
5200.0,5582.270982158615,1.1142694299146894,3,0.5,1.0,5.180630849072494,5.180630849072494,6.746764973293244,146.16910511927506,22164.992040739715
5200.0,5582.270982158615,1.1142694299146894,4,0.5,1.0,1.5591599057827765,1.5591599057827765,12.16705802356319,44.944400608024736,431946.1043614462
5200.0,5582.270982158615,1.1142694299146894,5,0.5,1.0,0.4750120156336374,0.4750120156336374,21.662507550635574,14.178467663791945,8001751.651534849
5200.0,5582.270982158615,1.1142694299146894,6,0.5,1.0,0.14093053017529175,0.14093053017529175,37.839852234517366,4.646734807095204,143749615.58381742
5200.0,5582.270982158615,1.1142694299146894,7,0.5,1.0,0.03790541276938731,0.03790541276938731,62.88510531338485,1.6824848648590065,2453045646.939175
5200.0,5582.270982158615,1.1142694299146894,8,0.5,1.0,0.007827564029616783,0.007827564029616783,92.4403877745197,0.7786158388445885,37733068959.95516
5200.0,5582.270982158615,1.1142694299146894,9,0.5,1.0,0.0009574637094661242,0.0009574637094661242,109.10406591185028,0.5589396006823302,507182157380.54974
5200.0,5582.270982158615,1.1142694299146894,10,0.5,1.0,6.195772941229156e-05,6.195772941229156e-05,100.68523696849432,0.656319273833814,6159782509228.015
5400.0,5782.270982158615,1.0609226033406993,1,0.5,1.0,95.3656375297737,95.3656375297737,1.7730430697619677,2116.4508166136998,21.85392367466199
5400.0,5782.270982158615,1.0609226033406993,2,0.5,1.0,18.299246079226513,18.299246079226513,3.636660942846643,503.08471970241595,982.7402005059536
5400.0,5782.270982158615,1.0609226033406993,3,0.5,1.0,5.085375487583715,5.085375487583715,6.746212397284099,146.19305125197576,22574.62205391126
5400.0,5782.270982158615,1.0609226033406993,4,0.5,1.0,1.5261962414556736,1.5261962414556736,12.183798068664272,44.820981880114225,443099.41850232147
5400.0,5782.270982158615,1.0609226033406993,5,0.5,1.0,0.4635951518218614,0.4635951518218614,21.724819624370138,14.09724971069362,8269764.355441495
5400.0,5782.270982158615,1.0609226033406993,6,0.5,1.0,0.1371100779926679,0.1371100779926679,38.00340973075255,4.60682402698411,149679318.26104116
5400.0,5782.270982158615,1.0609226033406993,7,0.5,1.0,0.03673573670295804,0.03673573670295804,63.22570179714585,1.664406617929385,2572501902.373826
5400.0,5782.270982158615,1.0609226033406993,8,0.5,1.0,0.00753940566859762,0.00753940566859762,92.94272662682417,0.7702220245066934,39817372467.187195
5400.0,5782.270982158615,1.0609226033406993,9,0.5,1.0,0.0009126641117371382,0.0009126641117371382,109.51582638814206,0.5547444704768749,538124992631.5498
5400.0,5782.270982158615,1.0609226033406993,10,0.5,1.0,5.8290569442046386e-05,5.8290569442046386e-05,100.80197891928046,0.6547999460354491,6570105733652.913
5600.0,5982.270982158615,1.0103833494427494,1,0.5,1.0,94.07057679206076,94.07057679206076,1.7684383839747004,2127.4868571560046,21.98262105833687
5600.0,5982.270982158615,1.0103833494427494,2,0.5,1.0,18.01838715925966,18.01838715925966,3.631261937188321,504.58181713222837,993.619944208428
5600.0,5982.270982158615,1.0103833494427494,3,0.5,1.0,4.99529543192173,4.99529543192173,6.744868024838836,146.25133482278036,22967.97321330537
5600.0,5982.270982158615,1.0103833494427494,4,0.5,1.0,1.4951614023755784,1.4951614023755784,12.198251954857602,44.71482674286967,453908.38291227515
5600.0,5982.270982158615,1.0103833494427494,5,0.5,1.0,0.4528923870039723,0.4528923870039723,21.781576591950643,14.023878098156317,8531716.124888875
5600.0,5982.270982158615,1.0103833494427494,6,0.5,1.0,0.13354393593244399,0.13354393593244399,38.15492284926278,4.5703092941089505,155521719.5535421
5600.0,5982.270982158615,1.0103833494427494,7,0.5,1.0,0.03564927671538901,0.03564927671538901,63.54348152989495,1.6478009132554607,2691074849.728465
5600.0,5982.270982158615,1.0103833494427494,8,0.5,1.0,0.007273653709509726,0.007273653709509726,93.41116093904571,0.7625164406684791,41899338869.46484
5600.0,5982.270982158615,1.0103833494427494,9,0.5,1.0,0.0008718146421470239,0.0008718146421470239,109.89459178419715,0.5509270686061981,569204446350.7423
5600.0,5982.270982158615,1.0103833494427494,10,0.5,1.0,5.4993720502526016e-05,5.4993720502526016e-05,100.9005522454238,0.6535211764220171,6984430655159.97
5800.0,6182.270982158615,0.9624076886078359,1,0.5,1.0,92.83713413614004,92.83713413614004,1.7638916766410413,2138.468854677068,22.10331890044619
5800.0,6182.270982158615,0.9624076886078359,2,0.5,1.0,17.751772213345742,17.751772213345742,3.6257716077527156,506.1111014798719,1003.9754593563998
5800.0,6182.270982158615,0.9624076886078359,3,0.5,1.0,4.910123585006683,4.910123585006683,6.742922398120212,146.33574675590603,23346.164633969573
5800.0,6182.270982158615,0.9624076886078359,4,0.5,1.0,1.4659350419264454,1.4659350419264454,12.210818548758285,44.62283881851085,464390.2457653045
5800.0,6182.270982158615,0.9624076886078359,5,0.5,1.0,0.4428527038637113,0.4428527038637113,21.83357664196651,13.957157562849213,8787773.134013217
5800.0,6182.270982158615,0.9624076886078359,6,0.5,1.0,0.1302118764589209,0.1302118764589209,38.295907808233736,4.536720389220618,161276092.20418507
5800.0,6182.270982158615,0.9624076886078359,7,0.5,1.0,0.03463870817882024,0.03463870817882024,63.841075190927874,1.6324743490022844,2808680721.042993
5800.0,6182.270982158615,0.9624076886078359,8,0.5,1.0,0.0070280900576454855,0.0070280900576454855,93.84949402686081,0.7554102618173336,43976632573.01215
5800.0,6182.270982158615,0.9624076886078359,9,0.5,1.0,0.0008344662200193612,0.0008344662200193612,110.2443473947679,0.5474369273187161,600376541062.3206
5800.0,6182.270982158615,0.9624076886078359,10,0.5,1.0,5.2019246326029064e-05,5.2019246326029064e-05,100.98373867812731,0.6524449297991025,7402079797789.02
6000.0,6382.270982158615,0.916779941326284,1,0.5,1.0,91.66483911007694,91.66483911007694,1.7594436960649156,2149.294880243682,22.2170719970293
6000.0,6382.270982158615,0.916779941326284,2,0.5,1.0,17.49907805669121,17.49907805669121,3.6202884129358592,507.64534792832075,1013.8596164930218
6000.0,6382.270982158615,0.916779941326284,3,0.5,1.0,4.82967449260192,4.82967449260192,6.740587294070004,146.43715287030972,23710.397400636022
6000.0,6382.270982158615,0.916779941326284,4,0.5,1.0,1.4384259637465355,1.4384259637465355,12.221931135809179,44.54173056447111,474564.7386087828
6000.0,6382.270982158615,0.916779941326284,5,0.5,1.0,0.4334356717275906,0.4334356717275906,21.881672598142487,13.895869277410661,9038167.350001514
6000.0,6382.270982158615,0.916779941326284,6,0.5,1.0,0.12709741572421446,0.12709741572421446,38.42796124973683,4.50559408594619,166943223.28034738
6000.0,6382.270982158615,0.916779941326284,7,0.5,1.0,0.033697924180009,0.033697924180009,64.12119743616121,1.6182421285842892,2925264936.6213274
6000.0,6382.270982158615,0.916779941326284,8,0.5,1.0,0.006800827490426852,0.006800827490426852,94.26150018926471,0.7488210711277188,46047363129.71892
6000.0,6382.270982158615,0.916779941326284,9,0.5,1.0,0.0008002343834489751,0.0008002343834489751,110.56880515198088,0.5442287973334992,631602912568.3962
6000.0,6382.270982158615,0.916779941326284,10,0.5,1.0,4.932657196631885e-05,4.932657196631885e-05,101.05392771780181,0.6515389070376535,7822438226534.573
6200.0,6582.270982158615,0.8733086911003445,1,0.5,1.0,90.55282929099062,90.55282929099062,1.755127901720412,2159.877948571216,22.32480988344706
6200.0,6582.270982158615,0.8733086911003445,2,0.5,1.0,17.25992998188057,17.25992998188057,3.6148947109750713,509.1613701899377,1023.3198765969255
6200.0,6582.270982158615,0.8733086911003445,3,0.5,1.0,4.753758711930182,4.753758711930182,6.738042536888904,146.5477836249004,24061.771206931022
6200.0,6582.270982158615,0.8733086911003445,4,0.5,1.0,1.412545861758608,1.412545861758608,12.231962028066189,44.46870710323504,484450.3765289367
6200.0,6582.270982158615,0.8733086911003445,5,0.5,1.0,0.4246032970938576,0.4246032970938576,21.926604283616154,13.838977193262286,9283126.243567094
6200.0,6582.270982158615,0.8733086911003445,6,0.5,1.0,0.12418538292682421,0.12418538292682421,38.5524787813089,4.476536579596611,172524160.1428835
6200.0,6582.270982158615,0.8733086911003445,7,0.5,1.0,0.03282140683269792,0.03282140683269792,64.38623303882775,1.604947080077858,3040782388.7262387
6200.0,6582.270982158615,0.8733086911003445,8,0.5,1.0,0.006590195046408406,0.006590195046408406,94.65049581950676,0.7426786932681093,48109837933.18328
6200.0,6582.270982158615,0.8733086911003445,9,0.5,1.0,0.0007687863775028236,0.0007687863775028236,110.87120517370165,0.5412640895560913,662848240928.5695
6200.0,6582.270982158615,0.8733086911003445,10,0.5,1.0,4.688131569885646e-05,4.688131569885646e-05,101.11317575755946,0.6507755823157896,8244929445059.468
6400.0,6782.270982158615,0.8318234255480879,1,0.5,1.0,89.49986263931439,89.49986263931439,1.7509707658550582,2170.146041072792,22.4273416531165
6400.0,6782.270982158615,0.8318234255480879,2,0.5,1.0,17.033901794599462,17.033901794599462,3.6096574566904445,510.6399271394067,1032.3983836058344
6400.0,6782.270982158615,0.8318234255480879,3,0.5,1.0,4.682181695556236,4.682181695556236,6.735437405264107,146.66116901455737,24401.28137136628
6400.0,6782.270982158615,0.8318234255480879,4,0.5,1.0,1.388208497859925,1.388208497859925,12.24122523127134,44.401431678277895,494064.272868784
6400.0,6782.270982158615,0.8318234255480879,5,0.5,1.0,0.4163195740267648,0.4163195740267648,21.96900336017783,13.78561167318185,9522866.97305937
6400.0,6782.270982158615,0.8318234255480879,6,0.5,1.0,0.12146170744286815,0.12146170744286815,38.67066357874227,4.449216121714997,178020072.65343976
6400.0,6782.270982158615,0.8318234255480879,7,0.5,1.0,0.032004137122248595,0.032004137122248595,64.63825282680638,1.5924563369221962,3155194866.169269
6400.0,6782.270982158615,0.8318234255480879,8,0.5,1.0,0.006394705343757316,0.006394705343757316,95.01937074655687,0.7369235764975772,50162525626.178024
6400.0,6782.270982158615,0.8318234255480879,9,0.5,1.0,0.0007398328706704984,0.0007398328706704984,111.15436535253816,0.5385099157695181,694079838595.1737
6400.0,6782.270982158615,0.8318234255480879,10,0.5,1.0,4.465419730103022e-05,4.465419730103022e-05,101.16325524109556,0.6501314267231071,8669011565466.305
6600.0,6982.270982158615,0.7921717255288867,1,0.5,1.0,88.50438673076282,88.50438673076282,1.7469926041779333,2180.0407839856184,22.525367461630932
6600.0,6982.270982158615,0.7921717255288867,2,0.5,1.0,16.8205269974604,16.8205269974604,3.6046299783380578,512.0653280763115,1041.1323825503268
6600.0,6982.270982158615,0.7921717255288867,3,0.5,1.0,4.614745903630556,4.614745903630556,6.7328940389772205,146.77199313386845,24729.82416029179
6600.0,6982.270982158615,0.7921717255288867,4,0.5,1.0,1.3653299101517886,1.3653299101517886,12.249982718923984,44.33796938508838,503422.1337038754
6600.0,6982.270982158615,0.7921717255288867,5,0.5,1.0,0.4085503734207761,0.4085503734207761,22.009404554115235,13.735047471257912,9757594.145355612
6600.0,6982.270982158615,0.7921717255288867,6,0.5,1.0,0.11891331562190108,0.11891331562190108,38.783545760375304,4.423354312820171,183432180.50443348
6600.0,6982.270982158615,0.7921717255288867,7,0.5,1.0,0.031241537254595476,0.031241537254595476,64.87904521863781,1.5806577724593427,3268469502.4021015
6600.0,6982.270982158615,0.7921717255288867,8,0.5,1.0,0.006213029920846215,0.006213029920846215,95.3706341788407,0.7315051873117052,52204032191.53949
6600.0,6982.270982158615,0.7921717255288867,9,0.5,1.0,0.0007131212667782612,0.0007131212667782612,111.42073375293255,0.5359382119236805,725267366082.4088
6600.0,6982.270982158615,0.7921717255288867,10,0.5,1.0,4.2620158308294915e-05,4.2620158308294915e-05,101.2056957271961,0.649586277395937,9094174598799.65
6800.0,7182.270982158615,0.7542169000457368,1,0.5,1.0,87.56461565625065,87.56461565625065,1.7432084893836817,2189.515816452692,22.619491278942093
6800.0,7182.270982158615,0.7542169000457368,2,0.5,1.0,16.619311618826874,16.619311618826874,3.5998539225095003,513.4249804483928,1049.5547179594046
6800.0,7182.270982158615,0.7542169000457368,3,0.5,1.0,4.551253474637032,4.551253474637032,6.730511159539989,146.8759382480857,25048.204758975255
6800.0,7182.270982158615,0.7542169000457368,4,0.5,1.0,1.3438288388718884,1.3438288388718884,12.258451287910946,44.27673009040652,512538.3214083967
6800.0,7182.270982158615,0.7542169000457368,5,0.5,1.0,0.40126342082090816,0.40126342082090816,22.048257949185224,13.68668237814052,9987499.133426925
6800.0,7182.270982158615,0.7542169000457368,6,0.5,1.0,0.11652806322272438,0.11652806322272438,38.8920035966309,4.398717962957425,188761711.21680754
6800.0,7182.270982158615,0.7542169000457368,7,0.5,1.0,0.030529426592302535,0.030529426592302535,65.11015017933266,1.5694567677350293,3380577729.4075127
6800.0,7182.270982158615,0.7542169000457368,8,0.5,1.0,0.0060439792159907475,0.0060439792159907475,95.70646140656974,0.7263805937402443,54233083505.37302
6800.0,7182.270982158615,0.7542169000457368,9,0.5,1.0,0.0006884302207134709,0.0006884302207134709,111.67243705462852,0.533524986324617,756382613486.7687
6800.0,7182.270982158615,0.7542169000457368,10,0.5,1.0,4.0757652119418344e-05,4.0757652119418344e-05,101.24181834599752,0.6491228212510142,9519938310723.953
7000.0,7382.270982158615,0.7178359860193058,1,0.5,1.0,86.67858949271817,86.67858949271817,1.739629003996088,2198.5354441593863,22.71023176231609
7000.0,7382.270982158615,0.7178359860193058,2,0.5,1.0,16.429743880675176,16.429743880675176,3.5953608659242065,514.7090178443892,1057.6942658399664
7000.0,7382.270982158615,0.7178359860193058,3,0.5,1.0,4.4915081168307385,4.4915081168307385,6.728367171446746,146.96955693033175,25357.144350805018
7000.0,7382.270982158615,0.7178359860193058,4,0.5,1.0,1.323626965568619,1.323626965568619,12.266808305218506,44.21642176111472,521425.9147812564
7000.0,7382.270982158615,0.7178359860193058,5,0.5,1.0,0.39442823859217785,0.39442823859217785,22.08593934672417,13.640019806216172,10212759.565148683
7000.0,7382.270982158615,0.7178359860193058,6,0.5,1.0,0.11429466662127699,0.11429466662127699,38.996781472795725,4.375112468174301,194009864.13295865
7000.0,7382.270982158615,0.7178359860193058,7,0.5,1.0,0.02986398158466292,0.02986398158466292,65.33288808389791,1.5587735844647792,3491494352.0608916
7000.0,7382.270982158615,0.7178359860193058,8,0.5,1.0,0.005886485336259917,0.005886485336259917,96.02873351963997,0.7215133130018272,56248509572.640396
7000.0,7382.270982158615,0.7178359860193058,9,0.5,1.0,0.0006655650863381638,0.0006655650863381638,111.91132159052103,0.5312497055146981,787399298754.3387
7000.0,7382.270982158615,0.7178359860193058,10,0.5,1.0,3.904806965954875e-05,3.904806965954875e-05,101.2727648320807,0.6487261696700027,9945850184757.22
7200.0,7582.270982158615,0.6829180484670132,1,0.5,1.0,85.84423573804021,85.84423573804021,1.7362610205682152,2207.073115133727,22.798033623635092
7200.0,7582.270982158615,0.6829180484670132,2,0.5,1.0,16.251304377045066,16.251304377045066,3.5911739820027053,515.9098970972788,1065.5764057569002
7200.0,7582.270982158615,0.6829180484670132,3,0.5,1.0,4.435317216305458,4.435317216305458,6.726523366650581,147.05013951326015,25657.288737304392
7200.0,7582.270982158615,0.6829180484670132,4,0.5,1.0,1.3046492531567215,1.3046492531567215,12.275197651904268,44.156003975247756,530096.8133891334
7200.0,7582.270982158615,0.6829180484670132,5,0.5,1.0,0.3880161345076993,0.3880161345076993,22.12276100401477,13.594652037003964,10433539.877454512
7200.0,7582.270982158615,0.6829180484670132,6,0.5,1.0,0.11220265435913018,0.11220265435913018,39.098508518960976,4.352375627627455,199177796.5525646
7200.0,7582.270982158615,0.6829180484670132,7,0.5,1.0,0.029241703984727446,0.029241703984727446,65.54838936108789,1.548540975889532,3601197004.4646983
7200.0,7582.270982158615,0.6829180484670132,8,0.5,1.0,0.005739587800636238,0.005739587800636238,96.33907666253826,0.7168722876061792,58249233825.340645
7200.0,7582.270982158615,0.6829180484670132,9,0.5,1.0,0.0006443541387790015,0.0006443541387790015,112.13899110736921,0.5290947621854343,818292919691.8937
7200.0,7582.270982158615,0.6829180484670132,10,0.5,1.0,3.74752704176249e-05,3.74752704176249e-05,101.29952208541157,0.648383505901826,10371483869556.225
7400.0,7782.270982158615,0.6493627293807283,1,0.5,1.0,85.05941919566864,85.05941919566864,1.733108374058815,2215.1100620594843,22.883277723390464
7400.0,7782.270982158615,0.6493627293807283,2,0.5,1.0,16.083474180471743,16.083474180471743,3.587309483237523,517.022043714943,1073.2234486368714
7400.0,7782.270982158615,0.6493627293807283,3,0.5,1.0,4.382493443941872,4.382493443941872,6.725026711199815,147.11559884660787,25949.21642295747
7400.0,7782.270982158615,0.6493627293807283,4,0.5,1.0,1.2868241698865521,1.2868241698865521,12.283734917663645,44.09464795533194,538561.8427341166
7400.0,7782.270982158615,0.6493627293807283,5,0.5,1.0,0.382000169992447,0.382000169992447,22.15898106503805,13.550245960900028,10649992.091097586
7400.0,7782.270982158615,0.6493627293807283,6,0.5,1.0,0.11024231911207345,0.11024231911207345,39.1977150420541,4.330372424330125,204266616.7157921
7400.0,7782.270982158615,0.6493627293807283,7,0.5,1.0,0.028659392105072123,0.028659392105072123,65.7576206795645,1.5387021830382137,3709665746.1875186
7400.0,7782.270982158615,0.6493627293807283,8,0.5,1.0,0.005602421209606759,0.005602421209606759,96.63889649869537,0.7124310299324432,60234264450.9672
7400.0,7782.270982158615,0.6493627293807283,9,0.5,1.0,0.0006246454081951776,0.0006246454081951776,112.35683941334982,0.5270450310376926,849040628320.536
7400.0,7782.270982158615,0.6493627293807283,10,0.5,1.0,3.6025198465509755e-05,3.6025198465509755e-05,101.32294302740404,0.6480837910115395,10796437816141.588
7600.0,7982.270982158615,0.6170790035737437,1,0.5,1.0,84.32198147220338,84.32198147220338,1.730172432537475,2222.634111505399,22.966289911025363
7600.0,7982.270982158615,0.6170790035737437,2,0.5,1.0,15.92574109413282,15.92574109413282,3.583777851756075,518.0415438531517,1080.655018429776
7600.0,7982.270982158615,0.6170790035737437,3,0.5,1.0,4.332855916033246,4.332855916033246,6.723912235276919,147.16437116094687,26233.446029261573
7600.0,7982.270982158615,0.6170790035737437,4,0.5,1.0,1.2700838100700167,1.2700838100700167,12.292511879758456,44.0317024986711,546830.8556995352
7600.0,7982.270982158615,0.6170790035737437,5,0.5,1.0,0.3763551100471051,0.3763551100471051,22.194811733926205,13.506531016890909,10862256.692574987
7600.0,7982.270982158615,0.6170790035737437,6,0.5,1.0,0.10840466976933132,0.10840466976933132,39.29484683289905,4.308990639836864,209277381.3042078
7600.0,7982.270982158615,0.6170790035737437,7,0.5,1.0,0.028114114582315778,0.028114114582315778,65.96140780476529,1.5292092591399402,3816882759.53564
7600.0,7982.270982158615,0.6170790035737437,8,0.5,1.0,0.005474204514277221,0.005474204514277221,96.9294081979602,0.7081669083648018,62202687256.47972
7600.0,7982.270982158615,0.6170790035737437,9,0.5,1.0,0.0006063040130892363,0.0006063040130892363,112.56607850735185,0.5250874975984045,879621122608.8499
7600.0,7982.270982158615,0.6170790035737437,10,0.5,1.0,3.468556640239555e-05,3.468556640239555e-05,101.34376437430895,0.6478175172781221,11220334063642.96
7800.0,8182.270982158615,0.5859841076219732,1,0.5,1.0,83.62977697546052,83.62977697546052,1.727452632617308,2229.6385049754904,23.047349450845275
7800.0,8182.270982158615,0.5859841076219732,2,0.5,1.0,15.777605346262092,15.777605346262092,3.580584994841155,518.96584532326,1087.8884243478124
7800.0,8182.270982158615,0.5859841076219732,3,0.5,1.0,4.286231256488131,4.286231256488131,6.7232052814884335,147.19532183856367,26510.443852267857
7800.0,8182.270982158615,0.5859841076219732,4,0.5,1.0,1.2543640103030242,1.2543640103030242,12.301600726797957,43.96666225261577,554912.8456817286
7800.0,8182.270982158615,0.5859841076219732,5,0.5,1.0,0.37105738226627843,0.37105738226627843,22.23042700507438,13.46328817416333,11070463.903414007
7800.0,8182.270982158615,0.5859841076219732,6,0.5,1.0,0.10668139049180538,0.10668139049180538,39.390278725764766,4.288136915751727,214211102.42415228
7800.0,8182.270982158615,0.5859841076219732,7,0.5,1.0,0.027603187847994794,0.027603187847994794,66.16045720027775,1.5200215871507372,3922832227.80858
7800.0,8182.270982158615,0.5859841076219732,8,0.5,1.0,0.005354231836509497,0.005354231836509497,97.21166429700514,0.7040605236801556,64153661103.34712
7800.0,8182.270982158615,0.5859841076219732,9,0.5,1.0,0.0005892099103896531,0.0005892099103896531,112.7677637877094,0.5232109379804817,910014567119.562
7800.0,8182.270982158615,0.5859841076219732,10,0.5,1.0,3.344559344250574e-05,3.344559344250574e-05,101.36262183494591,0.6475765002885635,11642817294649.838
8000.0,8382.270982158614,0.556002614247536,1,0.5,1.0,82.9806992387826,82.9806992387826,1.7249469139558535,2236.120912741478,23.126696136085947
8000.0,8382.270982158614,0.556002614247536,2,0.5,1.0,15.638583552561226,15.638583552561226,3.577733189583226,519.7935087048121,1094.9389799154794
8000.0,8382.270982158614,0.556002614247536,3,0.5,1.0,4.242454235829045,4.242454235829045,6.722923356279669,147.20766734356152,26780.63044808194
8000.0,8382.270982158614,0.556002614247536,4,0.5,1.0,1.2396043633095235,1.2396043633095235,12.311057560761919,43.899141533387834,562816.0471604494
8000.0,8382.270982158614,0.556002614247536,5,0.5,1.0,0.36608501484782635,0.36608501484782635,22.2659691130211,13.420340865210509,11274734.845467383
8000.0,8382.270982158614,0.556002614247536,6,0.5,1.0,0.10506479773794464,0.10506479773794464,39.484325978613,4.267733518003315,219068754.81623116
8000.0,8382.270982158614,0.556002614247536,7,0.5,1.0,0.027124154905863247,0.027124154905863247,66.35537425036001,1.511104661496015,4027500242.6475987
8000.0,8382.270982158614,0.556002614247536,8,0.5,1.0,0.005241864345158474,0.005241864345158474,97.4865782908864,0.7000951947503617,66086413953.46229
8000.0,8382.270982158614,0.556002614247536,9,0.5,1.0,0.00057325598186418,0.00057325598186418,112.9628154834254,0.5214056523533236,940202521606.4657
8000.0,8382.270982158614,0.556002614247536,10,0.5,1.0,3.229578784215683e-05,3.229578784215683e-05,101.3800631478477,0.6473537027785825,12063553957675.83
8200.0,8582.270982158614,0.5270656294540079,1,0.5,1.0,82.37269640422937,82.37269640422937,1.722652036467052,2242.0826990473756,23.2045358299635
8200.0,8582.270982158614,0.5270656294540079,2,0.5,1.0,15.50821072633307,15.50821072633307,3.575221782010605,520.5240210624311,1101.8202541101616
8200.0,8582.270982158614,0.5270656294540079,3,0.5,1.0,4.201367925043773,4.201367925043773,6.7230775177855255,147.20091641872833,27044.385817462447
8200.0,8582.270982158614,0.5270656294540079,4,0.5,1.0,1.225748109665304,1.225748109665304,12.320925051835399,43.82885445240207,570548.0132839336
8200.0,8582.270982158614,0.5270656294540079,5,0.5,1.0,0.36141754688702854,0.36141754688702854,22.30155347026972,13.377548042580104,11475182.371657446
8200.0,8582.270982158614,0.5270656294540079,6,0.5,1.0,0.10354779293222531,0.10354779293222531,39.57725306753283,4.247715834685371,223851278.6501186
8200.0,8582.270982158614,0.5270656294540079,7,0.5,1.0,0.026674764636522533,0.026674764636522533,66.54667750462774,1.5024291351208254,4130874660.5703683
8200.0,8582.270982158614,0.5270656294540079,8,0.5,1.0,0.005136522948956739,0.005136522948956739,97.75494342887369,0.6962565500054521,68000238459.15607
8200.0,8582.270982158614,0.5270656294540079,9,0.5,1.0,0.0005583463974341116,0.0005583463974341116,113.15203627997761,0.519663248021132,970167865800.3763
8200.0,8582.270982158614,0.5270656294540079,10,0.5,1.0,3.1227765523930004e-05,3.1227765523930004e-05,101.39655929911949,0.6471430846666173,12482231341004.736
8400.0,8782.270982158614,0.4991100937005646,1,0.5,1.0,81.80378181619211,81.80378181619211,1.7205638384528945,2247.5283020354823,23.281045172761086
8400.0,8782.270982158614,0.4991100937005646,2,0.5,1.0,15.386041456727257,15.386041456727257,3.5730477611002387,521.1576394476263,1108.544287814354
8400.0,8782.270982158614,0.4991100937005646,3,0.5,1.0,4.162823665797704,4.162823665797704,6.723673524774278,147.17482089634393,27302.053939656565
8400.0,8782.270982158614,0.4991100937005646,4,0.5,1.0,1.2127419936938992,1.2127419936938992,12.331234652701966,43.75559834799669,578115.6848264781
8400.0,8782.270982158614,0.4991100937005646,5,0.5,1.0,0.35703593534260325,0.35703593534260325,22.33727281338006,13.334798403466012,11671911.82271594
8400.0,8782.270982158614,0.4991100937005646,6,0.5,1.0,0.10212381712041034,0.10212381712041034,39.66928111600005,4.228030296840291,228559582.43181315
8400.0,8782.270982158614,0.4991100937005646,7,0.5,1.0,0.026252952874807837,0.026252952874807837,66.73481077714301,1.4939700270449698,4232944979.3870955
8400.0,8782.270982158614,0.4991100937005646,8,0.5,1.0,0.005037681859102147,0.005037681859102147,98.01744875182185,0.6925321864601042,69894487984.76535
8400.0,8782.270982158614,0.4991100937005646,9,0.5,1.0,0.0005443952146254603,0.0005443952146254603,113.33612642624503,0.5179764568302796,999894729870.142
8400.0,8782.270982158614,0.4991100937005646,10,0.5,1.0,3.023409788775771e-05,3.023409788775771e-05,101.41251420284553,0.6469394748165667,12898556693463.332
8600.0,8982.270982158614,0.47207817160950194,1,0.5,1.0,81.27203901677785,81.27203901677785,1.718677427024851,2252.4647604750767,23.35637532531095
8600.0,8982.270982158614,0.47207817160950194,2,0.5,1.0,15.271650115980274,15.271650115980274,3.5712061893412073,521.6952710476525,1115.121767883094
8600.0,8982.270982158614,0.47207817160950194,3,0.5,1.0,4.126680815767582,4.126680815767582,6.72471271178458,147.1293378098829,27553.946425457852
8600.0,8982.270982158614,0.47207817160950194,4,0.5,1.0,1.200536069703625,1.200536069703625,12.342008307139503,43.67924092987306,585525.4447672886
8600.0,8982.270982158614,0.47207817160950194,5,0.5,1.0,0.35292245379121573,0.35292245379121573,22.373200437554374,13.292005870546975,11865021.579627788
8600.0,8982.270982158614,0.47207817160950194,6,0.5,1.0,0.1007868058812753,0.1007868058812753,39.760593750204535,4.208632736196286,233194543.35317424
8600.0,8982.270982158614,0.47207817160950194,7,0.5,1.0,0.025856824678476983,0.025856824678476983,66.92015279697108,1.4857060896177419,4333702187.914034
8600.0,8982.270982158614,0.47207817160950194,8,0.5,1.0,0.004944862848383881,0.004944862848383881,98.27469212341148,0.6889113935716928,71768572431.98154
8600.0,8982.270982158614,0.47207817160950194,9,0.5,1.0,0.0005313251742976898,0.0005313251742976898,113.51569635921628,0.51633898408936,1029368423592.8177
8600.0,8982.270982158614,0.47207817160950194,10,0.5,1.0,2.9308183684052026e-05,2.9308183684052026e-05,101.42827307770636,0.6467384609194136,13312256323668.44
8800.0,9182.270982158614,0.44591671730108673,1,0.5,1.0,80.7756282710884,80.7756282710884,1.7169873749477602,2256.901201108761,23.430655736020395
8800.0,9182.270982158614,0.44591671730108673,2,0.5,1.0,15.164631429341616,15.164631429341616,3.569690644242101,522.1383461650946,1121.5622053181355
8800.0,9182.270982158614,0.44591671730108673,3,0.5,1.0,4.0928066259135205,4.0928066259135205,6.72619288040845,147.06459025613663,27800.34640007962
8800.0,9182.270982158614,0.44591671730108673,4,0.5,1.0,1.1890835604115337,1.1890835604115337,12.353260182101328,43.59970734558736,592783.1812038281
8800.0,9182.270982158614,0.44591671730108673,5,0.5,1.0,0.3490606118399008,0.3490606118399008,22.409393465317265,13.249105160371975,12054603.852152105
8800.0,9182.270982158614,0.44591671730108673,6,0.5,1.0,0.09953115211026031,0.09953115211026031,39.8513429950641,4.189486812903691,237757013.20326337
8800.0,9182.270982158614,0.44591671730108673,7,0.5,1.0,0.02548463936113545,0.02548463936113545,67.10302683396111,1.4776192160769508,4433138721.851615
8800.0,9182.270982158614,0.44591671730108673,8,0.5,1.0,0.004857630332205504,0.004857630332205504,98.52719288180275,0.6853849000611276,73621955594.15308
8800.0,9182.270982158614,0.44591671730108673,9,0.5,1.0,0.0005190666677905712,0.0005190666677905712,113.6912783639038,0.5147453732368257,1058575383180.7783
8800.0,9182.270982158614,0.44591671730108673,10,0.5,1.0,2.8444140267774057e-05,2.8444140267774057e-05,101.4441297142885,0.6465362945587756,13723074870073.338
9000.0,9382.270982158614,0.42057680456707214,1,0.5,1.0,80.31278905955052,80.31278905955052,1.7154878661757804,2260.8484423566833,23.50399715919977
9000.0,9382.270982158614,0.42057680456707214,2,0.5,1.0,15.064600353003799,15.064600353003799,3.5684935506081636,522.488719969245,1127.8740797702092
9000.0,9382.270982158614,0.42057680456707214,3,0.5,1.0,4.06107596042145,4.06107596042145,6.728108981251382,146.98083701714668,28041.51166877028
9000.0,9382.270982158614,0.42057680456707214,4,0.5,1.0,1.1783406817452995,1.1783406817452995,12.364998011379559,43.5169700872898,599894.3381617372
9000.0,9382.270982158614,0.42057680456707214,5,0.5,1.0,0.3454350694648153,0.3454350694648153,22.445895411845182,13.206048299891007,12240745.288243068
9000.0,9382.270982158614,0.42057680456707214,6,0.5,1.0,0.09835166927317045,0.09835166927317045,39.941653950631455,4.170562768738297,242247821.9239647
9000.0,9382.270982158614,0.42057680456707214,7,0.5,1.0,0.02513479646083526,0.02513479646083526,67.2837084238642,1.469693965597925,4531248393.599253
9000.0,9382.270982158614,0.42057680456707214,8,0.5,1.0,0.004775586961643284,0.004775586961643284,98.7754021720944,0.6819446679195957,75454152303.1065
9000.0,9382.270982158614,0.42057680456707214,9,0.5,1.0,0.0005075568429049971,0.0005075568429049971,113.86333635817232,0.5131908932159138,1087503116721.0227
9000.0,9382.270982158614,0.42057680456707214,10,0.5,1.0,2.7636711325997417e-05,2.7636711325997417e-05,101.4603327955509,0.6463298090616537,14130774552345.176
9200.0,9582.270982158614,0.39601331282714414,1,0.5,1.0,79.88184006125455,79.88184006125455,1.7141728054382457,2264.3186799738855,23.57649411792972
9200.0,9582.270982158614,0.39601331282714414,2,0.5,1.0,14.971191541883353,14.971191541883353,3.5676064359634254,522.7485944991163,1134.0649592981956
9200.0,9582.270982158614,0.39601331282714414,3,0.5,1.0,4.03137093290633,4.03137093290633,6.730453647128285,146.87844839850464,28277.677357503122
9200.0,9582.270982158614,0.39601331282714414,4,0.5,1.0,1.1682664541609022,1.1682664541609022,12.377224161028021,43.431040931260604,606863.9577745326
9200.0,9582.270982158614,0.39601331282714414,5,0.5,1.0,0.3420315515989075,0.3420315515989075,22.48273824267145,13.162801828673823,12423527.462355278
9200.0,9582.270982158614,0.39601331282714414,6,0.5,1.0,0.09724355636313455,0.09724355636313455,40.031628581662666,4.151836418520971,246667779.72801813
9200.0,9582.270982158614,0.39601331282714414,7,0.5,1.0,0.024805822814645308,0.024805822814645308,67.46243169707155,1.4619171756030545,4628026309.153799
9200.0,9582.270982158614,0.39601331282714414,8,0.5,1.0,0.0046983696953645975,0.0046983696953645975,99.0197115390928,0.6785837221770211,77264725522.09372
9200.0,9582.270982158614,0.39601331282714414,9,0.5,1.0,0.0004967388285203765,0.0004967388285203765,114.03227420658895,0.5116714436526483,1116140149793.1868
9200.0,9582.270982158614,0.39601331282714414,10,0.5,1.0,2.6881188236147053e-05,2.6881188236147053e-05,101.47709140665675,0.6461163481639249,14535134420276.252
9400.0,9782.270982158614,0.3721845612373085,1,0.5,1.0,79.48117811241684,79.48117811241684,1.713035907942499,2267.3252164654746,23.648227032798502
9400.0,9782.270982158614,0.3721845612373085,2,0.5,1.0,14.884058680351128,14.884058680351128,3.5670201422376278,522.9204519019687,1140.1416051321007
9400.0,9782.270982158614,0.3721845612373085,3,0.5,1.0,4.003580529790367,4.003580529790367,6.733217639982842,146.75788563704089,28509.0582525109
9400.0,9782.270982158614,0.3721845612373085,4,0.5,1.0,1.1588225198021125,1.1588225198021125,12.389936530631541,43.34196408998998,613696.718121215
9400.0,9782.270982158614,0.3721845612373085,5,0.5,1.0,0.3388367680715914,0.3388367680715914,22.519944127738196,13.119344426004448,12603027.320411054
9400.0,9782.270982158614,0.3721845612373085,6,0.5,1.0,0.09620236575069181,0.09620236575069181,40.12134896914169,4.133288294897327,251017679.12932956
9400.0,9782.270982158614,0.3721845612373085,7,0.5,1.0,0.024496360911327054,0.024496360911327054,67.6393948394231,1.45427763252978,4723468793.163597
9400.0,9782.270982158614,0.3721845612373085,8,0.5,1.0,0.004625646325087134,0.004625646325087134,99.26046037606255,0.6752960057480465,79053283649.5272
9400.0,9782.270982158614,0.3721845612373085,9,0.5,1.0,0.00048656106109865006,0.00048656106109865006,114.19844295650972,0.5101834733543427,1144475974132.2478
9400.0,9782.270982158614,0.3721845612373085,10,0.5,1.0,2.617334273546328e-05,2.617334273546328e-05,101.49457984875065,0.6458937038641355,14935949630023.807
9600.0,9982.270982158614,0.3490519844956812,1,0.5,1.0,79.10927716642318,79.10927716642318,1.7120707805906594,2269.882206968746,23.719264171360244
9600.0,9982.270982158614,0.3490519844956812,2,0.5,1.0,14.80287386234936,14.80287386234936,3.566725017915507,523.0069923153152,1146.1100688764632
9600.0,9982.270982158614,0.3490519844956812,3,0.5,1.0,3.977600268250689,3.977600268250689,6.7363902572948255,146.6196819557826,28735.851010251612
9600.0,9982.270982158614,0.3490519844956812,4,0.5,1.0,1.1499729780235552,1.1499729780235552,12.403129374585205,43.24980998174868,620396.9700847353
9600.0,9982.270982158614,0.3490519844956812,5,0.5,1.0,0.3358383420534738,0.3358383420534738,22.557527043069406,13.075664773931988,12779317.643610112
9600.0,9982.270982158614,0.3490519844956812,6,0.5,1.0,0.095223974598738,0.095223974598738,40.21088028368742,4.114902884992849,255298297.98810422
9600.0,9982.270982158614,0.3490519844956812,7,0.5,1.0,0.024205158587407034,0.024205158587407034,67.81476508044925,1.4467657801064469,4817573339.732024
9600.0,9982.270982158614,0.3490519844956812,8,0.5,1.0,0.004557112421854328,0.004557112421854328,99.4979426764759,0.6720762514992079,80819478258.69446
9600.0,9982.270982158614,0.3490519844956812,9,0.5,1.0,0.00047697669874982563,0.00047697669874982563,114.36214729590982,0.5087239087448532,1172501001835.1033
9600.0,9982.270982158614,0.3490519844956812,10,0.5,1.0,2.5509369027895497e-05,2.5509369027895497e-05,101.51294185338733,0.645660062116809,15333030774224.562
9800.0,10182.270982158614,0.3265798448666206,1,0.5,1.0,78.76468637637346,78.76468637637346,1.7112709860485462,2272.004446701644,23.789663307111454
9800.0,10182.270982158614,0.3265798448666206,2,0.5,1.0,14.727326850773043,14.727326850773043,3.566711072387904,523.0110821462875,1151.9757761841436
9800.0,10182.270982158614,0.3265798448666206,3,0.5,1.0,3.9533318404852302,3.9533318404852302,6.739959663893018,146.46442681853662,28958.23607990152
9800.0,10182.270982158614,0.3265798448666206,4,0.5,1.0,1.1416842243087861,1.1416842243087861,12.416793981261437,43.15467005243201,626968.7696015853
9800.0,10182.270982158614,0.3265798448666206,5,0.5,1.0,0.3330247422618041,0.3330247422618041,22.595494108892286,13.03175977797327,12952467.452870334
9800.0,10182.270982158614,0.3265798448666206,6,0.5,1.0,0.09430455837808492,0.09430455837808492,40.30027329119078,4.0966679925703895,259510402.0065195
9800.0,10182.270982158614,0.3265798448666206,7,0.5,1.0,0.023931059662402457,0.023931059662402457,67.98868293080722,1.4393734742547022,4910338561.914436
9800.0,10182.270982158614,0.3265798448666206,8,0.5,1.0,0.004492488616123821,0.004492488616123821,99.73241282063435,0.6689198738623309,82563001909.49118
9800.0,10182.270982158614,0.3265798448666206,9,0.5,1.0,0.0004679431092325412,0.0004679431092325412,114.52365114963175,0.5072900924395751,1200206521056.5388
9800.0,10182.270982158614,0.3265798448666206,10,0.5,1.0,2.4885833905250272e-05,2.4885833905250272e-05,101.53229427948999,0.6454139552416823,15726203225831.83
10000.0,10382.270982158614,0.30473497575617636,1,0.5,1.0,78.4460275725726,78.4460275725726,1.7106300928038152,2273.707193632931,23.859473126534663
10000.0,10382.270982158614,0.30473497575617636,2,0.5,1.0,14.657124262829374,14.657124262829374,3.566968099667292,522.9357109803607,1157.743599005299
10000.0,10382.270982158614,0.30473497575617636,3,0.5,1.0,3.9306827548496655,3.9306827548496655,6.74391316276232,146.29275283523512,29176.37937970899
10000.0,10382.270982158614,0.30473497575617636,4,0.5,1.0,1.1339247947877686,1.1339247947877686,12.430919235101767,43.05665246744397,633415.9059239018
10000.0,10382.270982158614,0.30473497575617636,5,0.5,1.0,0.33038521922682096,0.33038521922682096,22.633846709277776,12.987633083173217,13122542.361465732
10000.0,10382.270982158614,0.30473497575617636,6,0.5,1.0,0.09344056642956838,0.09344056642956838,40.389566468422565,4.07857420384621,263654746.74102733
10000.0,10382.270982158614,0.30473497575617636,7,0.5,1.0,0.0236729954398982,0.0236729954398982,68.16126579016839,1.4320937765817283,5001764140.085534
10000.0,10382.270982158614,0.30473497575617636,8,0.5,1.0,0.004431518173201088,0.004431518173201088,99.96409054797574,0.6658228767129983,84283586026.34494
10000.0,10382.270982158614,0.30473497575617636,9,0.5,1.0,0.00045942142147515724,0.00045942142147515724,114.68318254180687,0.5058797303536264,1227584653091.6296
10000.0,10382.270982158614,0.30473497575617636,10,0.5,1.0,2.4299633634031534e-05,2.4299633634031534e-05,101.55273036237219,0.6451542201088133,16115306495287.441
10200.0,10582.270982158614,0.2834865528504189,1,0.5,1.0,78.15199244574283,78.15199244574283,1.710141715310996,2275.006016958587,23.928734450139903
10200.0,10582.270982158614,0.2834865528504189,2,0.5,1.0,14.591988735510947,14.591988735510947,3.5674857795422845,522.7839549995169,1163.4179188506891
10200.0,10582.270982158614,0.2834865528504189,3,0.5,1.0,3.909565986572152,3.909565986572152,6.748237420355833,146.10532467553088,29390.43378131148
10200.0,10582.270982158614,0.2834865528504189,4,0.5,1.0,1.1266652192621311,1.1266652192621311,12.445492090358597,42.95587846776665,639741.926851997
10200.0,10582.270982158614,0.2834865528504189,5,0.5,1.0,0.3279097461609188,0.3279097461609188,22.67258144519885,12.943293817756132,13289604.891216008
10200.0,10582.270982158614,0.2834865528504189,6,0.5,1.0,0.0926286996018139,0.0926286996018139,40.47878781834764,4.060614434044584,267732079.36138484
10200.0,10582.270982158614,0.2834865528504189,7,0.5,1.0,0.023429977028171095,0.023429977028171095,68.3326110643634,1.42492077831792,5091850772.284621
10200.0,10582.270982158614,0.2834865528504189,8,0.5,1.0,0.004373964833253502,0.004373964833253502,100.19316528079192,0.662781774300337,85980998876.81842
10200.0,10582.270982158614,0.2834865528504189,9,0.5,1.0,0.00045137613190095134,0.00045137613190095134,114.84093785217091,0.5044908458367457,1254628311202.5378
10200.0,10582.270982158614,0.2834865528504189,10,0.5,1.0,2.3747956568578113e-05,2.3747956568578113e-05,101.57432257404773,0.644879961309737,16500193605334.049
10400.0,10782.270982158614,0.26280588939733973,1,0.5,1.0,77.8813394717418,77.8813394717418,1.7097995448283951,2275.9166708431585,23.99748127059267
10400.0,10782.270982158614,0.26280588939733973,2,0.5,1.0,14.53165807421253,14.53165807421253,3.568253758196369,522.5589464994155,1169.0026817007376
10400.0,10782.270982158614,0.26280588939733973,3,0.5,1.0,3.8898996372139063,3.8898996372139063,6.752918650355541,145.9028298430001,29600.54041036937
10400.0,10782.270982158614,0.26280588939733973,4,0.5,1.0,1.1198778818297455,1.1198778818297455,12.460497964001041,42.85247933330945,645950.1609445818
10400.0,10782.270982158614,0.26280588939733973,5,0.5,1.0,0.32558896390700587,0.32558896390700587,22.71169093484076,12.898755542346914,13453714.748862708
10400.0,10782.270982158614,0.26280588939733973,6,0.5,1.0,0.09186588971846037,0.09186588971846037,40.56795640966915,4.042783546078782,271743140.03655505
10400.0,10782.270982158614,0.26280588939733973,7,0.5,1.0,0.023201088379486746,0.023201088379486746,68.50279883254204,1.41784945119903,5180600123.851535
10400.0,10782.270982158614,0.26280588939733973,8,0.5,1.0,0.004319610881780362,0.004319610881780362,100.41979985900551,0.6597935236451153,87655043609.43045
10400.0,10782.270982158614,0.26280588939733973,9,0.5,1.0,0.0004437747579811399,0.0004437747579811399,114.99708553272662,0.5031217399487642,1281331160703.0635
10400.0,10782.270982158614,0.26280588939733973,10,0.5,1.0,2.3228250640348816e-05,2.3228250640348816e-05,101.5971251454159,0.6445905186483192,16880730479115.344
10600.0,10982.270982158614,0.24266625269198916,1,0.5,1.0,77.63288993481946,77.63288993481946,1.7095973646397733,2276.455011016274,24.06574152991098
10600.0,10982.270982158614,0.24266625269198916,2,0.5,1.0,14.475884261422765,14.475884261422765,3.5692616945757742,522.2638536491739,1174.5014399896181
10600.0,10982.270982158614,0.24266625269198916,3,0.5,1.0,3.871606568556797,3.871606568556797,6.757942730192763,145.68597243051838,29806.829642928606
10600.0,10982.270982158614,0.24266625269198916,4,0.5,1.0,1.113536878689239,1.113536878689239,12.475921000722924,42.74659426998995,652043.7339178162
10600.0,10982.270982158614,0.24266625269198916,5,0.5,1.0,0.3234141267473158,0.3234141267473158,22.75116437668789,12.85403549447134,13614929.002074411
10600.0,10982.270982158614,0.24266625269198916,6,0.5,1.0,0.09114927991209489,0.09114927991209489,40.65708349603737,4.025078066738227,275688661.71888167
10600.0,10982.270982158614,0.24266625269198916,7,0.5,1.0,0.022985479794257014,0.022985479794257014,68.6718938514188,1.4108755324925573,5268014754.771814
10600.0,10982.270982158614,0.24266625269198916,8,0.5,1.0,0.0042682554003731134,0.0042682554003731134,100.6441334776979,0.656855470451788,89305556056.39996
10600.0,10982.270982158614,0.24266625269198916,9,0.5,1.0,0.00043658753205164905,0.00043658753205164905,115.15176920880505,0.5017709582854278,1307687576950.1675
10600.0,10982.270982158614,0.24266625269198916,10,0.5,1.0,2.2738195052165095e-05,2.2738195052165095e-05,101.62117629364865,0.6442854383869199,17256795307603.363
10800.0,11182.270982158614,0.22304269922905995,1,0.5,1.0,77.40552396572083,77.40552396572083,1.7095290598344566,2276.6369276930677,24.13353777296996
10800.0,11182.270982158614,0.22304269922905995,2,0.5,1.0,14.424432493903474,14.424432493903474,3.5704992943432585,521.9018641616392,1179.9173887345253
10800.0,11182.270982158614,0.22304269922905995,3,0.5,1.0,3.8546140548119423,3.8546140548119423,6.763295291631397,145.4554680638535,30009.421969106977
10800.0,11182.270982158614,0.22304269922905995,4,0.5,1.0,1.1076178852492886,1.1076178852492886,12.491744286186721,42.63836868421968,658025.5828109724
10800.0,11182.270982158614,0.22304269922905995,5,0.5,1.0,0.32137705237333203,0.32137705237333203,22.79098801263121,12.809153964763482,13773302.22526418
10800.0,11182.270982158614,0.22304269922905995,6,0.5,1.0,0.090476206648295,0.090476206648295,40.74617345127063,4.007495949530551,279569369.63303214
10800.0,11182.270982158614,0.22304269922905995,7,0.5,1.0,0.02278236204129337,0.02278236204129337,68.83994725385394,1.4039954277398512,5354098046.277029
10800.0,11182.270982158614,0.22304269922905995,8,0.5,1.0,0.004219712701586301,0.004219712701586301,100.8662842160228,0.6539653027670955,90932402582.73524
10800.0,11182.270982158614,0.22304269922905995,9,0.5,1.0,0.0004297871307328395,0.0004297871307328395,115.30511039197465,0.5004372621377607,1333692604369.866
10800.0,11182.270982158614,0.22304269922905995,10,0.5,1.0,2.2275675524363023e-05,2.2275675524363023e-05,101.64650019198656,0.6439644477679635,17628277928767.504
11000.0,11382.270982158614,0.2039119263297977,1,0.5,1.0,77.19817782437472,77.19817782437472,1.7095886358715073,2276.4782571920728,24.2008878849921
11000.0,11382.270982158614,0.2039119263297977,2,0.5,1.0,14.377080474564934,14.377080474564934,3.571956360950161,521.4761642920878,1185.2534056376414
11000.0,11382.270982158614,0.2039119263297977,3,0.5,1.0,3.8388535122965446,3.8388535122965446,6.768961841611902,145.2120376229957,30208.428972205238
11000.0,11382.270982158614,0.2039119263297977,4,0.5,1.0,1.1020980489955285,1.1020980489955285,12.50795011222133,42.52795213454329,663898.4732421339
11000.0,11382.270982158614,0.2039119263297977,5,0.5,1.0,0.31947008055300424,0.31947008055300424,22.83114567867954,12.764133591419956,13928886.723502006
11000.0,11382.270982158614,0.2039119263297977,6,0.5,1.0,0.08984418459869248,0.08984418459869248,40.83522484434213,3.9900363188811543,283385982.5549226
11000.0,11382.270982158614,0.2039119263297977,7,0.5,1.0,0.02259100132146497,0.02259100132146497,69.00699842977956,1.397206110480479,5438854162.051941
11000.0,11382.270982158614,0.2039119263297977,8,0.5,1.0,0.004173810962664578,0.004173810962664578,101.08635167878451,0.6511210052398646,92535478453.12189
11000.0,11382.270982158614,0.2039119263297977,9,0.5,1.0,0.0004233484362389028,0.0004233484362389028,115.45721109358502,0.4991196013237814,1359341921861.4436
11000.0,11382.270982158614,0.2039119263297977,10,0.5,1.0,2.1838762524065293e-05,2.1838762524065293e-05,101.67310871397707,0.6436274324013115,17995079274221.816
11200.0,11582.270982158614,0.18525213834139787,1,0.5,1.0,77.00984117624421,77.00984117624421,1.7097702327346855,2275.994707591376,24.267805732199918
11200.0,11582.270982158614,0.18525213834139787,2,0.5,1.0,14.33361772292402,14.33361772292402,3.5736228364609417,520.9899212430978,1190.5120863872557
11200.0,11582.270982158614,0.18525213834139787,3,0.5,1.0,3.8242602422694545,3.8242602422694545,6.774927861773814,144.95640198758016,30403.95419878595
11200.0,11582.270982158614,0.18525213834139787,4,0.5,1.0,1.0969558892154314,1.0969558892154314,12.524520199574495,42.41549661324906,669665.0148296835
11200.0,11582.270982158614,0.18525213834139787,5,0.5,1.0,0.31768603489619157,0.31768603489619157,22.8716192738372,12.71899876535195,14081732.732082894
11200.0,11582.270982158614,0.18525213834139787,6,0.5,1.0,0.08925089277895061,0.08925089277895061,40.924231363955805,3.972699252986182,287139213.8741658
11200.0,11582.270982158614,0.18525213834139787,7,0.5,1.0,0.02241071469441611,0.02241071469441611,69.17307665752517,1.3905050364268516,5522288009.679428
11200.0,11582.270982158614,0.18525213834139787,8,0.5,1.0,0.004130390998205553,0.004130390998205553,101.30441930582158,0.6483208195903828,94114706255.76859
11200.0,11582.270982158614,0.18525213834139787,9,0.5,1.0,0.0004172483244902908,0.0004172483244902908,115.60815612838026,0.4978170904263979,1384631809396.285
11200.0,11582.270982158614,0.18525213834139787,10,0.5,1.0,2.1425692134394315e-05,2.1425692134394315e-05,101.70100297980109,0.6432744161665597,18357110830750.992
11400.0,11782.270982158614,0.16704292575530855,1,0.5,1.0,76.83955398286095,76.83955398286095,1.7100681307494423,2275.20180906654,24.33430165001006
11400.0,11782.270982158614,0.16704292575530855,2,0.5,1.0,14.293844831556484,14.293844831556484,3.575488824127985,520.4462713321079,1195.6957725088032
11400.0,11782.270982158614,0.16704292575530855,3,0.5,1.0,3.810773166717536,3.810773166717536,6.781178871691532,144.68927844368804,30596.093849985184
11400.0,11782.270982158614,0.16704292575530855,4,0.5,1.0,1.0921711974648265,1.0921711974648265,12.541435850809707,42.301155338356615,675327.6731578943
11400.0,11782.270982158614,0.16704292575530855,5,0.5,1.0,0.3160181858378152,0.3160181858378152,22.91238909798131,12.673775197346854,14231888.556285342
11400.0,11782.270982158614,0.16704292575530855,6,0.5,1.0,0.0886941613930563,0.0886941613930563,41.01318250864481,3.955485619914293,290829771.714291
11400.0,11782.270982158614,0.16704292575530855,7,0.5,1.0,0.022240865822762967,0.022240865822762967,69.33820236194354,1.3838900762666273,5604405189.478727
11400.0,11782.270982158614,0.16704292575530855,8,0.5,1.0,0.004089305143701025,0.004089305143701025,101.52055622860274,0.6455632124976197,95670034206.98462
11400.0,11782.270982158614,0.16704292575530855,9,0.5,1.0,0.0004114654763303574,0.0004114654763303574,115.75801506394063,0.49652898869818807,1409559113790.2256
11400.0,11782.270982158614,0.16704292575530855,10,0.5,1.0,2.10348492261354e-05,2.10348492261354e-05,101.7301747286066,0.6429055433285985,18714294096165.32
11600.0,11982.270982158614,0.14926515580311772,1,0.5,1.0,76.6864036331377,76.6864036331377,1.7104767554069231,2274.114869409348,24.40038288706446
11600.0,11982.270982158614,0.14926515580311772,2,0.5,1.0,14.257572783489163,14.257572783489163,3.5775446079650526,519.8483094663765,1200.8065768628958
11600.0,11982.270982158614,0.14926515580311772,3,0.5,1.0,3.798334587010089,3.798334587010089,6.787700484748216,144.41137750176875,30784.937420426573
11600.0,11982.270982158614,0.14926515580311772,4,0.5,1.0,1.087724947043205,1.087724947043205,12.55867808681462,42.18508168593011,680888.780980585
11600.0,11982.270982158614,0.14926515580311772,5,0.5,1.0,0.31446021709687216,0.31446021709687216,22.95343415545124,12.62848953561777,14379400.705454687
11600.0,11982.270982158614,0.14926515580311772,6,0.5,1.0,0.08817195995237363,0.08817195995237363,41.10206420942683,3.9383969326589208,294458359.14172465
11600.0,11982.270982158614,0.14926515580311772,7,0.5,1.0,0.02208086114131579,0.02208086114131579,69.50238825167402,1.3773594561467106,5685211948.050262
11600.0,11982.270982158614,0.14926515580311772,8,0.5,1.0,0.0040504162548600795,0.0040504162548600795,101.73481894562403,0.6428468471074853,97201434565.64287
11600.0,11982.270982158614,0.14926515580311772,9,0.5,1.0,0.00040598020942338956,0.00040598020942338956,115.90684396985189,0.4952546821992555,1434121216231.1497
11600.0,11982.270982158614,0.14926515580311772,10,0.5,1.0,2.0664752590936457e-05,2.0664752590936457e-05,101.76060753758954,0.6425210626061856,19066560056440.527
11800.0,12182.270982158614,0.13190087327064193,1,0.5,1.0,76.5495221067338,76.5495221067338,1.7109906791757274,2272.7489400955797,24.466053977542618
11800.0,12182.270982158614,0.13190087327064193,2,0.5,1.0,14.224622289978264,14.224622289978264,3.5797806652525557,519.1990811096092,1205.8464054998585
11800.0,12182.270982158614,0.13190087327064193,3,0.5,1.0,3.786889953886057,3.786889953886057,6.794478449141998,144.12340044392386,30970.568251030567
11800.0,12182.270982158614,0.13190087327064193,4,0.5,1.0,1.0835992079010424,1.0835992079010424,12.576227753316168,42.067428352222834,686350.54787115
11800.0,12182.270982158614,0.13190087327064193,5,0.5,1.0,0.31300619448324035,0.31300619448324035,22.994732400168992,12.58316905894563,14524314.003858281
11800.0,12182.270982158614,0.13190087327064193,6,0.5,1.0,0.08768238632489415,0.08768238632489415,41.190859344037264,3.9214352301887843,298025674.100059
11800.0,12182.270982158614,0.13190087327064193,7,0.5,1.0,0.021930146358037986,0.021930146358037986,69.6656402760667,1.3709117077887825,5764715130.044593
11800.0,12182.270982158614,0.13190087327064193,8,0.5,1.0,0.004013596803536566,0.004013596803536566,101.94725276061787,0.64017055867964,98708902068.16377
11800.0,12182.270982158614,0.13190087327064193,9,0.5,1.0,0.00040077432813590843,0.00040077432813590843,116.0546869506175,0.49399366822980667,1458316000539.59
11800.0,12182.270982158614,0.13190087327064193,10,0.5,1.0,2.0314041789241513e-05,2.0314041789241513e-05,101.79227790584739,0.6421213129682419,19413848673924.848
12000.0,12382.270982158614,0.11493321042725224,1,0.5,1.0,76.42808362676328,76.42808362676328,1.711604625693286,2271.1187785229513,24.53131712028087
12000.0,12382.270982158614,0.11493321042725224,2,0.5,1.0,14.194823232140235,14.194823232140235,3.582187683365283,518.5015734225215,1210.8169797724265
12000.0,12382.270982158614,0.11493321042725224,3,0.5,1.0,3.7763876703446813,3.7763876703446813,6.8014986957444075,143.8260366727014,31153.06409439965
12000.0,12382.270982158614,0.11493321042725224,4,0.5,1.0,1.07977707288918,1.07977707288918,12.594065637662707,41.948346472751105,691715.0704502848
12000.0,12382.270982158614,0.11493321042725224,5,0.5,1.0,0.31165053865018266,0.31165053865018266,23.03626099535012,12.537841363569758,14666671.721783618
12000.0,12382.270982158614,0.11493321042725224,6,0.5,1.0,0.08722365711135338,0.08722365711135338,41.27954826926074,3.9046029594825646,301532409.9093576
12000.0,12382.270982158614,0.11493321042725224,7,0.5,1.0,0.021788203359588407,0.021788203359588407,69.82795859301781,1.3645456202840078,5842922142.429694
12000.0,12382.270982158614,0.11493321042725224,8,0.5,1.0,0.003978728072668534,0.003978728072668534,102.15789318844757,0.6375333316151954,100192452574.66405
12000.0,12382.270982158614,0.11493321042725224,9,0.5,1.0,0.00039583098955583876,0.00039583098955583876,116.20157757736436,0.49274554100964935,1482141824334.499
12000.0,12382.270982158614,0.11493321042725224,10,0.5,1.0,1.998146546724008e-05,1.998146546724008e-05,101.82515621870449,0.6417067109622159,19756108409478.164
12200.0,12582.270982158614,0.09834630510226527,1,0.5,1.0,76.32130227919751,76.32130227919751,1.7123134708939987,2269.238820845753,24.596172491839948
12200.0,12582.270982158614,0.09834630510226527,2,0.5,1.0,14.16801410786834,14.16801410786834,3.58475656947661,517.7587089014477,1215.7198549902687
12200.0,12582.270982158614,0.09834630510226527,3,0.5,1.0,3.766778900613862,3.766778900613862,6.808747371179342,143.5199617818771,31332.49759591117
12200.0,12582.270982158614,0.09834630510226527,4,0.5,1.0,1.0762425874698847,1.0762425874698847,12.612172556190085,41.827984964349106,696984.3410228776
12200.0,12582.270982158614,0.09834630510226527,5,0.5,1.0,0.31038799945782947,0.31038799945782947,23.077996516489403,12.492534121694035,14806515.680951897
12200.0,12582.270982158614,0.09834630510226527,6,0.5,1.0,0.0867940986871389,0.0867940986871389,41.36810924909308,3.8879028815624608,304979255.413764
12200.0,12582.270982158614,0.09834630510226527,7,0.5,1.0,0.021654547362224854,0.021654547362224854,69.98933836608256,1.3582602005307423,5919840915.301971
12200.0,12582.270982158614,0.09834630510226527,8,0.5,1.0,0.003945699424746191,0.003945699424746191,102.3667671437069,0.6349342800841569,101652121709.63892
12200.0,12582.270982158614,0.09834630510226527,9,0.5,1.0,0.00039113458335472294,0.00039113458335472294,116.34754013367022,0.49150997927873147,1505597490631.2812
12200.0,12582.270982158614,0.09834630510226527,10,0.5,1.0,1.9665870982362902e-05,1.9665870982362902e-05,101.85920760621279,0.6412777394040149,20093295753214.98
12400.0,12782.270982158614,0.08212522605668071,1,0.5,1.0,76.2284299679136,76.2284299679136,1.713112245359379,2267.1231539393307,24.660618554123566
12400.0,12782.270982158614,0.08212522605668071,2,0.5,1.0,14.144041551399534,14.144041551399534,3.587478462301985,516.9733388406996,1220.556438742518
12400.0,12782.270982158614,0.08212522605668071,3,0.5,1.0,3.7580174026202426,3.7580174026202426,6.81621087364795,143.20583560020526,31508.936770418703
12400.0,12782.270982158614,0.08212522605668071,4,0.5,1.0,1.0729806876712022,1.0729806876712022,12.630529444714492,41.70648986992708,702160.2563614922
12400.0,12782.270982158614,0.08212522605668071,5,0.5,1.0,0.30921363324402695,0.30921363324402695,23.119915156682072,12.447274845680093,14943886.369727107
12400.0,12782.270982158614,0.08212522605668071,6,0.5,1.0,0.08639213923341044,0.08639213923341044,41.45651888106082,3.871337981413638,308366895.46418864
12400.0,12782.270982158614,0.08212522605668071,7,0.5,1.0,0.02152872436824759,0.02152872436824759,70.1497705455188,1.3520546359359487,5995479870.922512
12400.0,12782.270982158614,0.08212522605668071,8,0.5,1.0,0.003914407646248794,0.003914407646248794,102.57389407743311,0.632372630046552,103087963653.18756
12400.0,12782.270982158614,0.08212522605668071,9,0.5,1.0,0.00038667062412779056,0.00038667062412779056,116.49259076787898,0.4902867349844622,1528682221649.1958
12400.0,12782.270982158614,0.08212522605668071,10,0.5,1.0,1.936619515459075e-05,1.936619515459075e-05,101.89439270781119,0.6408349372805188,20425374782546.03
12600.0,12982.270982158614,0.06625590489942845,1,0.5,1.0,76.14875445400372,76.14875445400372,1.7139961353553332,2264.7854931452775,24.724652323232448
12600.0,12982.270982158614,0.06625590489942845,2,0.5,1.0,14.122759877743352,14.122759877743352,3.5903447405601026,516.1482381497981,1225.3280071755096
12600.0,12982.270982158614,0.06625590489942845,3,0.5,1.0,3.750059370799625,3.750059370799625,6.823875881538336,142.8843006278215,31682.44543036601
12600.0,12982.270982158614,0.06625590489942845,4,0.5,1.0,1.0699771423609719,1.0699771423609719,12.649117433879304,41.5840038269253,707244.6256232295
12600.0,12982.270982158614,0.06625590489942845,5,0.5,1.0,0.3081227818197288,0.3081227818197288,23.161992901559675,12.402090693033585,15078823.0463708
12600.0,12982.270982158614,0.06625590489942845,6,0.5,1.0,0.08601630141512698,0.08601630141512698,41.54475246477067,3.854911392051066,311696011.2956905
12600.0,12982.270982158614,0.06625590489942845,7,0.5,1.0,0.021410308842517798,0.021410308842517798,70.3092425507094,1.3459282624313686,6069847893.235156
12600.0,12982.270982158614,0.06625590489942845,8,0.5,1.0,0.003884756353132631,0.003884756353132631,102.7792869794766,0.6298477036084783,104500049976.77716
12600.0,12982.270982158614,0.06625590489942845,9,0.5,1.0,0.0003824256545970128,0.0003824256545970128,116.63673851734839,0.4890756233124659,1551395633611.9275
12600.0,12982.270982158614,0.06625590489942845,10,0.5,1.0,1.9081456016887963e-05,1.9081456016887963e-05,101.93066835364777,0.6403788907340165,20752316735108.01
12800.0,13182.270982158614,0.05072507388483816,1,0.5,1.0,76.0815974173174,76.0815974173174,1.7149604821007673,2262.2391668780538,24.788269595656498
12800.0,13182.270982158614,0.05072507388483816,2,0.5,1.0,14.104030639571139,14.104030639571139,3.5933470271786194,515.2861017787275,1230.0357189639308
12800.0,13182.270982158614,0.05072507388483816,3,0.5,1.0,3.7428632855812127,3.7428632855812127,6.8317293729613375,142.55598093494746,31853.083556478618
12800.0,13182.270982158614,0.05072507388483816,4,0.5,1.0,1.0672184986547242,1.0672184986547242,12.667917906122872,41.460665677568564,712239.1771857049
12800.0,13182.270982158614,0.05072507388483816,5,0.5,1.0,0.30711105279859663,0.30711105279859663,23.204205668184247,12.35700831689359,15211363.825115202
12800.0,13182.270982158614,0.05072507388483816,6,0.5,1.0,0.08566519558120432,0.08566519558120432,41.63278430334509,3.838626333877045,314967280.68393344
12800.0,13182.270982158614,0.05072507388483816,7,0.5,1.0,0.021298901573142813,0.021298901573142813,70.46773884108067,1.3398805380418108,6142954295.694208
12800.0,13182.270982158614,0.05072507388483816,8,0.5,1.0,0.0038566554491963135,0.0038566554491963135,102.98295323659585,0.6273589057277805,105888468492.36566
12800.0,13182.270982158614,0.05072507388483816,9,0.5,1.0,0.0003783871583977832,0.0003783871583977832,116.77998620631496,0.48787651400819176,1573737712172.022
12800.0,13182.270982158614,0.05072507388483816,10,0.5,1.0,1.8810745446287456e-05,1.8810745446287456e-05,101.96798817178397,0.6399102250137514,21074099592871.848
13000.0,13382.270982158614,0.03552020900424968,1,0.5,1.0,76.02631257191733,76.02631257191733,1.7160007796833177,2259.4971068411683,24.851465135624455
13000.0,13382.270982158614,0.03552020900424968,2,0.5,1.0,14.087722201657357,14.087722201657357,3.5964771903524975,514.3895423986826,1234.6806273631946
13000.0,13382.270982158614,0.03552020900424968,3,0.5,1.0,3.7363897705691023,3.7363897705691023,6.839758638501043,142.22148141677542,32020.907621875012
13000.0,13382.270982158614,0.03552020900424968,4,0.5,1.0,1.0646920306242211,1.0646920306242211,12.686912538558426,41.336610189007125,717145.5646073449
13000.0,13382.270982158614,0.03552020900424968,5,0.5,1.0,0.30617430126252715,0.30617430126252715,23.246529415860294,12.312053752031709,15341545.74874342
13000.0,13382.270982158614,0.03552020900424968,6,0.5,1.0,0.0853375134699877,0.0853375134699877,41.72058795181937,3.8224860661116966,318181377.9420186
13000.0,13382.270982158614,0.03552020900424968,7,0.5,1.0,0.021194127705229784,0.021194127705229784,70.6252413976201,1.3339110209092961,6214808788.306814
13000.0,13382.270982158614,0.03552020900424968,8,0.5,1.0,0.0038300206326633865,0.0038300206326633865,103.18489537238912,0.6249057128489156,107253322125.41571
13000.0,13382.270982158614,0.03552020900424968,9,0.5,1.0,0.00037454348139497355,0.00037454348139497355,116.92233123651172,0.4866893237940456,1595708788567.7495
13000.0,13382.270982158614,0.03552020900424968,10,0.5,1.0,1.855322256858751e-05,1.855322256858751e-05,102.00630312939425,0.6394295972932815,21390707678659.23
13200.0,13582.270982158614,0.02062947785110536,1,0.5,1.0,75.98228387688282,75.98228387688282,1.717112672427162,2256.5718415752353,24.91423284138357
13200.0,13582.270982158614,0.02062947785110536,2,0.5,1.0,14.073709339830007,14.073709339830007,3.5997273428766716,513.4610888988107,1239.2636909155485
13200.0,13582.270982158614,0.02062947785110536,3,0.5,1.0,3.730601458966056,3.730601458966056,6.84795128981988,141.88138728557306,32185.970882050467
13200.0,13582.270982158614,0.02062947785110536,4,0.5,1.0,1.0623856916328478,1.0623856916328478,12.706083336797702,41.2119678474533,721965.3719741325
13200.0,13582.270982158614,0.02062947785110536,5,0.5,1.0,0.30530861281464916,0.30530861281464916,23.288940238147674,12.267252325338571,15469404.852651455
13200.0,13582.270982158614,0.02062947785110536,6,0.5,1.0,0.08503202241838913,0.08503202241838913,41.80813642886682,3.806493846811865,321338973.846935
13200.0,13582.270982158614,0.02062947785110536,7,0.5,1.0,0.02109563494072904,0.02109563494072904,70.78173014041472,1.328019350611032,6285421445.305439
13200.0,13582.270982158614,0.02062947785110536,8,0.5,1.0,0.003804772947201745,0.003804772947201745,103.38511169816553,0.6224876630319317,108594727829.51108
13200.0,13582.270982158614,0.02062947785110536,9,0.5,1.0,0.00037088376061274344,0.00037088376061274344,117.06376629037993,0.4855140096873075,1617309516705.3835
13200.0,13582.270982158614,0.02062947785110536,10,0.5,1.0,1.8308107843290675e-05,1.8308107843290675e-05,102.04556201510847,0.638937690264157,21702131267170.633
13400.0,13782.270982158614,0.006041691796947246,1,0.5,1.0,75.94892379235282,75.94892379235282,1.718291951105385,2253.4754947877886,24.976565877098302
13400.0,13782.270982158614,0.006041691796947246,2,0.5,1.0,14.06187285449087,14.06187285449087,3.6030898388808374,512.5031859184575,1243.7857825273095
13400.0,13782.270982158614,0.006041691796947246,3,0.5,1.0,3.7254628663350564,3.7254628663350564,6.856295262636987,141.5362638537558,32348.323624532124
13400.0,13782.270982158614,0.006041691796947246,4,0.5,1.0,1.0602880693714871,1.0602880693714871,12.725412657035038,41.0868647413138,726700.1184671533
13400.0,13782.270982158614,0.006041691796947246,5,0.5,1.0,0.304510287719487,0.304510287719487,23.331414431405026,12.222628594823078,15594976.216460336
13400.0,13782.270982158614,0.006041691796947246,6,0.5,1.0,0.08474755998032558,0.08474755998032558,41.89540238410958,3.790652902522116,324440735.40875596
13400.0,13782.270982158614,0.006041691796947246,7,0.5,1.0,0.021003091877832798,0.021003091877832798,70.93718327144563,1.3222052330195955,6354802671.819727
13400.0,13782.270982158614,0.006041691796947246,8,0.5,1.0,0.0037808383715709714,0.0037808383715709714,103.5835968659853,0.6201043476153686,109912815519.0323
13400.0,13782.270982158614,0.006041691796947246,9,0.5,1.0,0.00036739785991548923,0.00036739785991548923,117.20427994703365,0.48435056319295616,1638540850884.9617
13400.0,13782.270982158614,0.006041691796947246,10,0.5,1.0,1.807467775192722e-05,1.807467775192722e-05,102.08571186880752,0.6384352064265617,22008366207642.695
13484.036217860488,13866.307200019102,0.0,1,0.5,1.0,75.93795384574008,75.93795384574008,1.7188065840058575,2252.126257445619,25.002625579146198
13484.036217860488,13866.307200019102,0.0,2,0.5,1.0,14.057521232819958,14.057521232819958,3.6045344248917397,512.0924773553102,1245.667882116829
13484.036217860488,13866.307200019102,0.0,3,0.5,1.0,3.723489407319509,3.723489407319509,6.859843555748274,141.38988084664985,32415.743989432205
13484.036217860488,13866.307200019102,0.0,4,0.5,1.0,1.0594663386328906,1.0594663386328906,12.733577600278869,41.03419072076319,728664.5432836346
13484.036217860488,13866.307200019102,0.0,5,0.5,1.0,0.3041940966679513,0.3041940966679513,23.349274542977287,12.203937305639785,15647064.601895168
13484.036217860488,13866.307200019102,0.0,6,0.5,1.0,0.08463404225238534,0.08463404225238534,41.931978967729826,3.784042736935668,325727537.6410174
13484.036217860488,13866.307200019102,0.0,7,0.5,1.0,0.020965906484872576,0.020965906484872576,71.00218721110586,1.3197853299506401,6383590501.143312
13484.036217860488,13866.307200019102,0.0,8,0.5,1.0,0.003771156434552044,0.003771156434552044,103.66647812135525,0.6191131982567127,110459727487.86714
13484.036217860488,13866.307200019102,0.0,9,0.5,1.0,0.00036598271161474987,0.00036598271161474987,117.26304272747619,0.4838652499388499,1647351928967.3547
13484.036217860488,13866.307200019102,0.0,10,0.5,1.0,1.797991764566809e-05,1.797991764566809e-05,102.1028348761529,0.638221088687702,22135492302789.684
0.0,382.2709821586148,11.999999999999998,1,0.5,0.5,295.9640057904885,147.98200289524425,1.5393786062175703,2807.7333341935655,9.217028300123111
0.0,382.2709821586148,11.999999999999998,2,0.5,0.5,71.78811437668092,35.89405718834046,2.695644031398954,915.6334879321191,204.0462214193802
0.0,382.2709821586148,11.999999999999998,3,0.5,0.5,27.37468760238608,13.68734380119304,4.155362125814098,385.3266059435334,1960.0670926985172
0.0,382.2709821586148,11.999999999999998,4,0.5,0.5,11.598838979437772,5.799419489718886,6.099374138057759,178.84475304048118,14629.678441057691
0.0,382.2709821586148,11.999999999999998,5,0.5,0.5,4.9718026778911435,2.4859013389455717,8.662761941956523,88.66127889493455,97779.70747810334
0.0,382.2709821586148,11.999999999999998,6,0.5,0.5,2.0291757142665903,1.0145878571332951,11.844398392995751,47.426463117328936,612368.4992674831
0.0,382.2709821586148,11.999999999999998,7,0.5,0.5,0.7378412626711565,0.36892063133557823,15.304878909265625,28.404487356963344,3633458.7380868713
0.0,382.2709821586148,11.999999999999998,8,0.5,0.5,0.22139212427711055,0.11069606213855528,18.2234518740371,20.034820827123923,20441993.37339221
0.0,382.2709821586148,11.999999999999998,9,0.5,0.5,0.051599466716689885,0.025799733358344942,19.619229013262014,17.28553707192829,109444533.5972451
0.0,382.2709821586148,11.999999999999998,10,0.5,0.5,0.009288267459428354,0.004644133729714177,19.090508000566363,18.25625868448534,560158874.579001
200.0,582.2709821586147,8.818137842605395,1,0.5,0.5,300.89268373967934,150.44634186983967,1.8788827161713817,1884.7224708567603,16.484693022652646
200.0,582.2709821586147,8.818137842605395,2,0.5,0.5,69.41893532206073,34.70946766103037,3.416462101353174,570.0245183560592,429.58128401627533
200.0,582.2709821586147,8.818137842605395,3,0.5,0.5,24.74229248382485,12.371146241912426,5.506986275502714,219.39097741505333,5047.723109649791
200.0,582.2709821586147,8.818137842605395,4,0.5,0.5,9.759724954175546,4.879862477087773,8.510141496073764,91.86988847105727,47224.37756246957
200.0,582.2709821586147,8.818137842605395,5,0.5,0.5,3.9083261460724006,1.9541630730362003,12.81360243227663,40.52324928714759,402546.8336854067
200.0,582.2709821586147,8.818137842605395,6,0.5,0.5,1.5034660018625925,0.7517330009312962,18.694616843346726,19.037662102782914,3249747.1503589447
200.0,582.2709821586147,8.818137842605395,7,0.5,0.5,0.5182092857595715,0.25910464287978574,25.84044618306518,9.964298625934024,24899367.317467842
200.0,582.2709821586147,8.818137842605395,8,0.5,0.5,0.14490579524453062,0.07245289762226531,32.62365547234169,6.251460727405678,179186624.92169893
200.0,582.2709821586147,8.818137842605395,9,0.5,0.5,0.029715594794959627,0.014857797397479814,36.35101793197447,5.035163734089581,1208812050.7342005
200.0,582.2709821586147,8.818137842605395,10,0.5,0.5,0.004335999818924588,0.002167999909462294,35.488253625788104,5.28296209559443,7708291102.97465
400.0,782.2709821586147,7.061767106048846,1,0.5,0.5,279.1468203615769,139.57341018078844,2.010832125739023,1645.4895219321756,21.78152273288689
400.0,782.2709821586147,7.061767106048846,2,0.5,0.5,62.377229062917294,31.188614531458647,3.7385117587081,476.04636062211824,626.4171688292678
400.0,782.2709821586147,7.061767106048846,3,0.5,0.5,21.291873167775993,10.645936583887996,6.185804362043071,173.881905293686,8313.198468441688
400.0,782.2709821586147,7.061767106048846,4,0.5,0.5,8.015473546982854,4.007736773491427,9.847693336115109,68.60846762569089,89097.9764167989
400.0,782.2709821586147,7.061767106048846,5,0.5,0.5,3.066982518780439,1.5334912593902195,15.330746952295497,28.308712688621593,878561.4096860809
400.0,782.2709821586147,7.061767106048846,6,0.5,0.5,1.1334114822688763,0.5667057411344382,23.215907195707906,12.344554835637,8255870.023321639
400.0,782.2709821586147,7.061767106048846,7,0.5,0.5,0.3776359894620968,0.1888179947310484,33.3956977830006,5.96575902369682,73755034.05605562
400.0,782.2709821586147,7.061767106048846,8,0.5,0.5,0.10161783711871199,0.050808918559355994,43.72944943019854,3.479354920692966,615383091.6853904
400.0,782.2709821586147,7.061767106048846,9,0.5,0.5,0.019438330846389646,0.009719165423194823,49.833517624058096,2.6791909233382745,4761010511.652247
400.0,782.2709821586147,7.061767106048846,10,0.5,0.5,0.0025118186454237915,0.0012559093227118958,48.769127973945004,2.7974141731501327,34533465955.608536
600.0,982.2709821586147,5.924220571218936,1,0.5,0.5,253.3359033392309,126.66795166961545,2.053461434747319,1577.8788298566049,25.559737392890124
600.0,982.2709821586147,5.924220571218936,2,0.5,0.5,55.34042993637036,27.67021496818518,3.8765124514177653,442.75592810964866,787.180811218754
600.0,982.2709821586147,5.924220571218936,3,0.5,0.5,18.318779454467318,9.159389727233659,6.530094696225884,156.02988656683732,11367.249216719296
600.0,982.2709821586147,5.924220571218936,4,0.5,0.5,6.669373733429821,3.3346868667149105,10.607781693974951,59.128601102345456,133838.83373779125
600.0,982.2709821586147,5.924220571218936,5,0.5,0.5,2.468996401645781,1.2344982008228904,16.888683915461893,23.326798399404748,1459017.3079068288
600.0,982.2709821586147,5.924220571218936,6,0.5,0.5,0.8858535074396305,0.44292675371981527,26.221471599627645,9.67681923222507,15219582.998233465
600.0,982.2709821586147,5.924220571218936,7,0.5,0.5,0.287958428531341,0.1439792142656705,38.753267145568095,4.430269103411659,151143212.7878261
600.0,982.2709821586147,5.924220571218936,8,0.5,0.5,0.07550817111512585,0.037754085557562926,52.05152646335694,2.4557254492423466,1396689721.4288874
600.0,982.2709821586147,5.924220571218936,9,0.5,0.5,0.013796288921219455,0.006898144460609728,60.27552558524282,1.8313221120952141,11870095557.495087
600.0,982.2709821586147,5.924220571218936,10,0.5,0.5,0.0016411730027535596,0.0008205865013767798,59.08478302373679,1.9058795987478256,93986623730.09045
800.0,1182.2709821586147,5.116993442812118,1,0.5,0.5,229.32259363292846,114.66129681646423,2.054840138118414,1575.7621717129387,28.293114307650672
800.0,1182.2709821586147,5.116993442812118,2,0.5,0.5,49.23782531851067,24.618912659255336,3.9236549053822616,432.18047741416416,917.4175085787476
800.0,1182.2709821586147,5.116993442812118,3,0.5,0.5,15.922448164951817,7.961224082475908,6.69841408356309,148.2868940109879,14115.608616542118
800.0,1182.2709821586147,5.116993442812118,4,0.5,0.5,5.650653056697121,2.8253265283485605,11.045207339124477,54.53797464129165,178326.7330665656
800.0,1182.2709821586147,5.116993442812118,5,0.5,0.5,2.0393075478647416,1.0196537739323708,17.877625265540544,20.817428981994045,2095271.1856068957
800.0,1182.2709821586147,5.116993442812118,6,0.5,0.5,0.7150167526760289,0.35750837633801447,28.268660264603827,8.325997924707343,23626149.081805922
800.0,1182.2709821586147,5.116993442812118,7,0.5,0.5,0.2279806383342466,0.1139903191671233,42.61799171495547,3.6632013451946244,253906871.5796532
800.0,1182.2709821586147,5.116993442812118,8,0.5,0.5,0.058628051588675525,0.029314025794337763,58.33801584755273,1.954985060752539,2532462242.2247615
800.0,1182.2709821586147,5.116993442812118,9,0.5,0.5,0.010356150031601974,0.005178075015800987,68.37382074236875,1.423203664075765,23081535215.626785
800.0,1182.2709821586147,5.116993442812118,10,0.5,0.5,0.0011580263661809588,0.0005790131830904794,67.09075115841303,1.4781599890807886,195012744040.1477
1000.0,1382.2709821586147,4.5090800890203395,1,0.5,0.5,208.40233218409568,104.20116609204784,2.0366500317527048,1604.0353482221028,30.31378235396179
1000.0,1382.2709821586147,4.5090800890203395,2,0.5,0.5,44.134420328316885,22.067210164158443,3.924089038952295,432.08485589640844,1023.8412203108461
1000.0,1382.2709821586147,4.5090800890203395,3,0.5,0.5,14.008876536405317,7.004438268202659,6.769982966032094,145.1682359248593,16563.52997800915
1000.0,1382.2709821586147,4.5090800890203395,4,0.5,0.5,4.871027038875785,2.4355135194378925,11.294805744529476,52.154191724164086,221212.2819159278
1000.0,1382.2709821586147,4.5090800890203395,5,0.5,0.5,1.722348562279085,0.8611742811395425,18.517937916086563,19.40267029116142,2757085.9321251465
1000.0,1382.2709821586147,4.5090800890203395,6,0.5,0.5,0.5926877793039038,0.2963438896519519,29.6984635169104,7.54360238030329,33049846.668477044
1000.0,1382.2709821586147,4.5090800890203395,7,0.5,0.5,0.18600711245480345,0.09300355622740172,45.46875559845254,3.2182561978319386,377922833.845852
1000.0,1382.2709821586147,4.5090800890203395,8,0.5,0.5,0.04708719363021231,0.023543596815106156,63.166580339426766,1.6675237154593476,4002697487.4700503
1000.0,1382.2709821586147,4.5090800890203395,9,0.5,0.5,0.008097552146110309,0.004048776073055154,74.72787351509062,1.1914655873254592,38537860156.98873
1000.0,1382.2709821586147,4.5090800890203395,10,0.5,0.5,0.0008619682200177615,0.0004309841100088807,73.36147934138427,1.2362622003750179,342536191657.5555
1200.0,1582.2709821586147,4.031684754346037,1,0.5,0.5,190.5673513440664,95.2836756720332,2.0095131340184276,1647.650343189398,31.843260322119757
1200.0,1582.2709821586147,4.031684754346037,2,0.5,0.5,39.90185252548629,19.950926262743145,3.9004255093161353,437.34359948287886,1112.0809034507367
1200.0,1582.2709821586147,4.031684754346037,3,0.5,0.5,12.472531416839185,6.236265708419593,6.787226200565112,144.43156083536064,18746.312025128675
1200.0,1582.2709821586147,4.031684754346037,4,0.5,0.5,4.264281585640391,2.1321407928201954,11.43208840634189,50.90912148843778,262013.89654628903
1200.0,1582.2709821586147,4.031684754346037,5,0.5,0.5,1.482441506688833,0.7412207533444165,18.93892878110667,18.549658961137848,3426747.8143151095
1200.0,1582.2709821586147,4.031684754346037,6,0.5,0.5,0.5021998807474426,0.2510999403737213,30.721799561319784,7.049421009883651,43177433.77886174
1200.0,1582.2709821586147,4.031684754346037,7,0.5,0.5,0.15550447327961392,0.07775223663980696,47.621146125979514,2.9339118688758727,519338025.25141853
1200.0,1582.2709821586147,4.031684754346037,8,0.5,0.5,0.03884255824635351,0.019421279123176757,66.94554322681063,1.4845793361143058,5776312255.041383
1200.0,1582.2709821586147,4.031684754346037,9,0.5,0.5,0.006531389604672285,0.0032656948023361424,79.78425105106136,1.0452312991286348,58148619019.36766
1200.0,1582.2709821586147,4.031684754346037,10,0.5,0.5,0.0006673269282876605,0.00033366346414383024,78.32821995760595,1.084451757697731,538529625067.37085
1400.0,1782.2709821586147,3.6449238826554105,1,0.5,0.5,175.46283228448672,87.73141614224336,1.9789486952549316,1698.9385893653887,33.03025663648289
1400.0,1782.2709821586147,3.6449238826554105,2,0.5,0.5,36.38813525121835,18.194067625609176,3.864953540078691,445.4081873559159,1186.4966348570194
1400.0,1782.2709821586147,3.6449238826554105,3,0.5,0.5,11.227646229024456,5.613823114512228,6.774191481041337,144.98791834003785,20705.091925903496
1400.0,1782.2709821586147,3.6449238826554105,4,0.5,0.5,3.7842490681074485,1.8921245340537243,11.50156926317504,50.29589642689417,300666.514253604
1400.0,1782.2709821586147,3.6449238826554105,5,0.5,0.5,1.2967344812469959,0.6483672406234979,19.21979446753747,18.011474727402266,4094384.6090316894
1400.0,1782.2709821586147,3.6449238826554105,6,0.5,0.5,0.4334272213819409,0.21671361069097045,31.4731751069585,6.716849774181381,53789680.95852552
1400.0,1782.2709821586147,3.6449238826554105,7,0.5,0.5,0.1326465996850102,0.0663232998425051,49.28583355675103,2.7390662655664295,674937680.2647847
1400.0,1782.2709821586147,3.6449238826554105,8,0.5,0.5,0.03274397075196893,0.016371985375984464,69.96086478610633,1.359366030217027,7820376134.463096
1400.0,1782.2709821586147,3.6449238826554105,9,0.5,0.5,0.005398859912742593,0.0026994299563712965,83.86646483146568,0.945954129686969,81706466602.46832
1400.0,1782.2709821586147,3.6449238826554105,10,0.5,0.5,0.0005324493469127476,0.0002662246734563738,82.3047652764286,0.9821928987576071,783051131349.8712
1600.0,1982.2709821586147,3.3239485015519055,1,0.5,0.5,162.67920635415592,81.33960317707796,1.9479216276513944,1753.492013321895,33.97628349057634
1600.0,1982.2709821586147,3.3239485015519055,2,0.5,0.5,33.4588587059104,16.7294293529552,3.8246180905876117,454.8525160562941,1250.3931326887284
1600.0,1982.2709821586147,3.3239485015519055,3,0.5,0.5,10.20907235872698,5.10453617936349,6.745071757859624,146.2424999942377,22478.47886600862
1600.0,1982.2709821586147,3.3239485015519055,4,0.5,0.5,3.3988222213974764,1.6994111106987382,11.53052811772812,50.04357796858374,337297.11493989633
1600.0,1982.2709821586147,3.3239485015519055,5,0.5,0.5,1.1502189098729736,0.5751094549364868,19.410766213295542,17.65880835959781,4754895.879972625
1600.0,1982.2709821586147,3.3239485015519055,6,0.5,0.5,0.3799712135229234,0.1899856067614617,32.04086876502761,6.480942747904004,64737456.400911406
1600.0,1982.2709821586147,3.3239485015519055,7,0.5,0.5,0.11508116207189001,0.057540581035945004,50.60625930079815,2.5979948053914317,842174230.8529115
1600.0,1982.2709821586147,3.3239485015519055,8,0.5,0.5,0.02810414984367047,0.014052074921835234,72.41462467001494,1.2688029600736905,10104198692.643349
1600.0,1982.2709821586147,3.3239485015519055,9,0.5,0.5,0.004552267071314611,0.0022761335356573055,87.20910067134832,0.8748289279346627,108956004391.4124
1600.0,1982.2709821586147,3.3239485015519055,10,0.5,0.5,0.00043508941782064787,0.00021754470891032393,85.51955369538129,0.9097370868979507,1075006857368.3339
1800.0,2182.270982158615,3.0524023971438474,1,0.5,0.5,153.31508953453178,76.65754476726589,1.927329138400875,1791.1624518702893,34.920161135245294
1800.0,2182.270982158615,3.0524023971438474,2,0.5,0.5,31.304963200418186,15.652481600209093,3.8017434949635516,460.3425596906462,1312.5888624845284
1800.0,2182.270982158615,3.0524023971438474,3,0.5,0.5,9.458746207331869,4.729373103665934,6.7408888439144405,146.42405159717006,24216.501529873607
1800.0,2182.270982158615,3.0524023971438474,4,0.5,0.5,3.1150809936426977,1.5575404968213489,11.591625977679817,49.51742269966729,373901.5051277289
1800.0,2182.270982158615,3.0524023971438474,5,0.5,0.5,1.0425531865286324,0.5212765932643162,19.63719116437149,17.253929351079805,5431669.813442097
1800.0,2182.270982158615,3.0524023971438474,6,0.5,0.5,0.34070683743502705,0.17035341871751353,32.63193552213808,6.248288629999829,76267784.58601193
1800.0,2182.270982158615,3.0524023971438474,7,0.5,0.5,0.10211486135729536,0.05105743067864768,51.891746799742286,2.4708715597723154,1023291571.2484181
1800.0,2182.270982158615,3.0524023971438474,8,0.5,0.5,0.02463164791026772,0.01231582395513386,74.67700231559597,1.1930894320542056,12643305689.897373
1800.0,2182.270982158615,3.0524023971438474,9,0.5,0.5,0.003909521419852195,0.0019547607099260973,90.11795123407497,0.8192644906632272,139992190915.99622
1800.0,2182.270982158615,3.0524023971438474,10,0.5,0.5,0.00036175829818741747,0.00018087914909370873,88.14064948639876,0.8564347064387086,1415479927590.179
2000.0,2382.270982158615,2.8190424973086947,1,0.5,0.5,144.58075577814958,72.29037788907479,1.9030608319429358,1837.1364312716826,35.648478607603025
2000.0,2382.270982158615,2.8190424973086947,2,0.5,0.5,29.332364392305642,14.666182196152821,3.769262039042079,468.31071000202985,1365.2601008777533
2000.0,2382.270982158615,2.8190424973086947,3,0.5,0.5,8.786211705259586,4.393105852629793,6.715133277258496,147.5494102335269,25772.45111252622
2000.0,2382.270982158615,2.8190424973086947,4,0.5,0.5,2.865994639148423,1.4329973195742114,11.607701758188641,49.38036197670429,408090.821850349
2000.0,2382.270982158615,2.8190424973086947,5,0.5,0.5,0.9498303968176722,0.4749151984088361,19.774343551071844,17.015417160232996,6087705.56561634
2000.0,2382.270982158615,2.8190424973086947,6,0.5,0.5,0.307475403686952,0.153737701843476,33.054881552736425,6.089414551736272,87839511.80625363
2000.0,2382.270982158615,2.8190424973086947,7,0.5,0.5,0.09132361136575745,0.045661805682878726,52.88521993088578,2.37891060141079,1211192980.10703
2000.0,2382.270982158615,2.8190424973086947,8,0.5,0.5,0.021799570965586615,0.010899785482793307,76.50350458856146,1.1368000666894043,15359940127.922379
2000.0,2382.270982158615,2.8190424973086947,9,0.5,0.5,0.003400812188318598,0.001700406094159299,92.5127873502348,0.7773976418769185,174106958166.80814
2000.0,2382.270982158615,2.8190424973086947,10,0.5,0.5,0.0003060102486013036,0.0001530051243006518,90.29339162315603,0.8160839158184394,1798976149068.7576
2200.0,2582.270982158615,2.6158642395032183,1,0.5,0.5,137.38888614339942,68.69444307169971,1.882716855265309,1877.053840340057,36.32427103130646
2200.0,2582.270982158615,2.6158642395032183,2,0.5,0.5,27.71325127803143,13.856625639015714,3.7426136106858467,475.0034521851606,1414.5912790631721
2200.0,2582.270982158615,2.6158642395032183,3,0.5,0.5,8.237012525091357,4.1185062625456785,6.695982333469294,148.3946189506911,27256.284206175882
2200.0,2582.270982158615,2.6158642395032183,4,0.5,0.5,2.6638563506522197,1.3319281753261099,11.628409745522895,49.20464449973241,441411.512218994
2200.0,2582.270982158615,2.6158642395032183,5,0.5,0.5,0.8750713709942927,0.43753568549714633,19.90755513145682,16.788461420098123,6742233.416043785
2200.0,2582.270982158615,2.6158642395032183,6,0.5,0.5,0.28082764815072114,0.14041382407536057,33.45016240817683,5.946347560142168,99666293.41985835
2200.0,2582.270982158615,2.6158642395032183,7,0.5,0.5,0.08269343681066078,0.04134671840533039,53.79536459822592,2.29909565496003,1407851999.1512659
2200.0,2582.270982158615,2.6158642395032183,8,0.5,0.5,0.019533161590657006,0.009766580795328503,78.14055041793492,1.0896670513072688,18266289366.01797
2200.0,2582.270982158615,2.6158642395032183,9,0.5,0.5,0.0029946950663759884,0.0014973475331879942,94.58918670086032,0.7436417575270031,211332039746.44302
2200.0,2582.270982158615,2.6158642395032183,10,0.5,0.5,0.00026228113892924295,0.00013114056946462148,92.07257853877645,0.7848490543621368,2225447405431.654
2400.0,2782.270982158615,2.4370008141964985,1,0.5,0.5,131.43117654462787,65.71558827231394,1.8659380522835676,1910.9631324635077,36.96466260610312
2400.0,2782.270982158615,2.4370008141964985,2,0.5,0.5,26.37394497854942,13.18697248927471,3.7214847655100805,480.4124572801366,1461.3933223591182
2400.0,2782.270982158615,2.4370008141964985,3,0.5,0.5,7.78415504903319,3.892077524516595,6.683632924523967,148.94350573071767,28682.682749969703
2400.0,2782.270982158615,2.4370008141964985,4,0.5,0.5,2.4979104252534143,1.2489552126267072,11.655403686172779,48.97699229644169,474022.0861271521
2400.0,2782.270982158615,2.4370008141964985,5,0.5,0.5,0.813996022120045,0.4069980110600225,20.041855245406293,16.564216914997164,7395796.599182205
2400.0,2782.270982158615,2.4370008141964985,6,0.5,0.5,0.2591470531551731,0.12957352657758656,33.82991325119506,5.813597801739335,111724869.40493074
2400.0,2782.270982158615,2.4370008141964985,7,0.5,0.5,0.0756839341675567,0.03784196708377835,54.64772460241083,2.2279353473324455,1612523415.6062717
2400.0,2782.270982158615,2.4370008141964985,8,0.5,0.5,0.01768987332964805,0.008844936664824025,79.63379609869813,1.049184615225272,21348187632.862225
2400.0,2782.270982158615,2.4370008141964985,9,0.5,0.5,0.002664986834263008,0.001332493417131504,96.41227621663839,0.7157841520795226,251475348744.40375
2400.0,2782.270982158615,2.4370008141964985,10,0.5,0.5,0.0002273561219052403,0.00011367806095262015,93.55088494328719,0.7602404111675425,2692963861544.19
2600.0,2982.270982158615,2.2780459209465995,1,0.5,0.5,126.45305926082884,63.22652963041442,1.852216014382771,1939.3825409702733,37.57846548981407
2600.0,2982.270982158615,2.2780459209465995,2,0.5,0.5,25.255171359645136,12.627585679822568,3.705167047099599,484.6532902935882,1506.144142021648
2600.0,2982.270982158615,2.2780459209465995,3,0.5,0.5,7.406548111041215,3.7032740555206076,6.677394905316145,149.22192162524476,30060.680936555018
2600.0,2982.270982158615,2.2780459209465995,4,0.5,0.5,2.359971823702292,1.179985911851146,11.688496668275201,48.700053295126416,506014.11596924346
2600.0,2982.270982158615,2.2780459209465995,5,0.5,0.5,0.7634186388558303,0.38170931942791514,20.178650192833356,16.340394144821815,8048353.699052033
2600.0,2982.270982158615,2.2780459209465995,6,0.5,0.5,0.2412511530182223,0.12062557650911115,34.199496689505196,5.688625214965994,123989019.09280607
2600.0,2982.270982158615,2.2780459209465995,7,0.5,0.5,0.06990480552308267,0.03495240276154134,55.45623308956491,2.163445794709413,1824473439.8731744
2600.0,2982.270982158615,2.2780459209465995,8,0.5,0.5,0.016167908374511875,0.008083954187255937,81.0122112219844,1.0137848072378142,24591844144.675446
2600.0,2982.270982158615,2.2780459209465995,9,0.5,0.5,0.002393304627863901,0.0011966523139319504,98.02881627165793,0.6923715823189558,294345074377.4056
2600.0,2982.270982158615,2.2780459209465995,10,0.5,0.5,0.00019903515924131167,9.951757962065584e-05,94.78473090402201,0.7405766048258923,3199475741558.9854
2800.0,3182.270982158615,2.1356205077248855,1,0.5,0.5,122.24734239653897,61.123671198269484,1.8409978757992824,1963.089844923175,38.1692752408851
2800.0,3182.270982158615,2.1356205077248855,2,0.5,0.5,24.309625747289015,12.154812873644508,3.692788978623753,487.9078092834351,1549.0972323169694
2800.0,3182.270982158615,2.1356205077248855,3,0.5,0.5,7.087737271629963,3.5438686358149813,6.676146839930216,149.27771911675308,31395.218366315286
2800.0,3182.270982158615,2.1356205077248855,4,0.5,0.5,2.2437880693454866,1.1218940346727433,11.726514692890206,48.38478851746264,537425.7851888174
2800.0,3182.270982158615,2.1356205077248855,5,0.5,0.5,0.720949301197376,0.360474650598688,20.31726893336812,16.118183388026086,8699308.664086595
2800.0,3182.270982158615,2.1356205077248855,6,0.5,0.5,0.22626551124374708,0.11313275562187354,34.56018469893831,5.570505939856599,136427927.3127139
2800.0,3182.270982158615,2.1356205077248855,7,0.5,0.5,0.06507041584495481,0.032535207922477404,56.22748024979718,2.1045027998650685,2042940700.922928
2800.0,3182.270982158615,2.1356205077248855,8,0.5,0.5,0.014893389551416319,0.007446694775708159,82.2937230416249,0.982456499232722,27983372964.168728
2800.0,3182.270982158615,2.1356205077248855,9,0.5,0.5,0.0021664576489250275,0.0010832288244625138,99.472747584809,0.6724167501307796,339746988782.26074
2800.0,3182.270982158615,2.1356205077248855,10,0.5,0.5,0.00017576858100781177,8.788429050390588e-05,95.81842704067662,0.7246840067961551,3742823459029.586
3000.0,3382.270982158615,2.0070862583058586,1,0.5,0.5,118.65172336387785,59.325861681938925,1.83178241309278,1982.8916372403103,38.73834677926726
3000.0,3382.270982158615,2.0070862583058586,2,0.5,0.5,23.500684669633014,11.750342334816507,3.6835264486818957,490.36466294341585,1590.3925783523043
3000.0,3382.270982158615,2.0070862583058586,3,0.5,0.5,6.8151610785679395,3.4075805392839698,6.67874717968479,149.16150054749215,32689.054887985036
3000.0,3382.270982158615,2.0070862583058586,4,0.5,0.5,2.1446499737306635,1.0723249868653317,11.768066589182936,48.04370779779786,568266.9623178481
3000.0,3382.270982158615,2.0070862583058586,5,0.5,0.5,0.684809209836071,0.3424046049180355,20.45636173599325,15.89973776574886,9347792.641989859
3000.0,3382.270982158615,2.0070862583058586,6,0.5,0.5,0.2135453125844494,0.1067726562922247,34.91159497288421,5.4589280510736184,149009002.15298548
3000.0,3382.270982158615,2.0070862583058586,7,0.5,0.5,0.060971351660209325,0.030485675830104662,56.96458453749562,2.0503919245879345,2267161499.442538
3000.0,3382.270982158615,2.0070862583058586,8,0.5,0.5,0.013812277295841105,0.006906138647920552,83.49021553724702,0.954499239727356,31509022907.9516
3000.0,3382.270982158615,2.0070862583058586,9,0.5,0.5,0.0019748147871711088,0.0009874073935855544,100.76974326993522,0.6552189463606163,387487381048.70233
3000.0,3382.270982158615,2.0070862583058586,10,0.5,0.5,0.0001564361287178907,7.821806435894535e-05,96.6871428918587,0.7117202083948406,4320784426379.979
3200.0,3582.270982158615,1.8903506461435988,1,0.5,0.5,115.54290512735301,57.771452563676505,1.824163363848486,1999.490259788889,39.28632296717573
3200.0,3582.270982158615,1.8903506461435988,2,0.5,0.5,22.800680237232072,11.400340118616036,3.6767042477466814,492.18611483876396,1630.1282152379838
3200.0,3582.270982158615,1.8903506461435988,3,0.5,0.5,6.579396338601288,3.289698169300644,6.6842445946222275,148.9162475659231,33944.11027959891
3200.0,3582.270982158615,1.8903506461435988,4,0.5,0.5,2.0590500814239627,1.0295250407119814,11.811957542617007,47.6873288652443,598538.6500537527
3200.0,3582.270982158615,1.8903506461435988,5,0.5,0.5,0.6536820771451777,0.32684103857258884,20.59468373406763,15.686877214129748,9992917.0296167
3200.0,3582.270982158615,1.8903506461435988,6,0.5,0.5,0.2026156883664061,0.10130784418320304,35.253109720186686,5.353673551966973,161701000.32219785
3200.0,3582.270982158615,1.8903506461435988,7,0.5,0.5,0.057453633414882965,0.028726816707441483,57.6695334578485,2.0005705678311845,2496406432.5678954
3200.0,3582.270982158615,1.8903506461435988,8,0.5,0.5,0.012884709385432654,0.006442354692716327,84.6106652600451,0.9293868680916305,35155572905.13738
3200.0,3582.270982158615,1.8903506461435988,9,0.5,0.5,0.0018112299476957837,0.0009056149738478919,101.94019964330727,0.6402591469748456,437377388276.492
3200.0,3582.270982158615,1.8903506461435988,10,0.5,0.5,0.00014021003000337594,7.010501500168797e-05,97.41906205471287,0.701065932324228,4931127449243.612
3400.0,3782.270982158615,1.7837309629977587,1,0.5,0.5,112.82645757916175,56.41322878958088,1.817814725339444,2013.4809128252518,39.8135933739938
3400.0,3782.270982158615,1.7837309629977587,2,0.5,0.5,22.18850892781536,11.09425446390768,3.6717776820835653,493.5077710710064,1668.3781471847735
3400.0,3782.270982158615,1.7837309629977587,3,0.5,0.5,6.373293725940668,3.186646862970334,6.691865552727537,148.577257414506,35161.80526718697
3400.0,3782.270982158615,1.7837309629977587,4,0.5,0.5,1.9843420360495476,0.9921710180247738,11.857203097702996,47.324085862618425,628237.3056104607
3400.0,3782.270982158615,1.7837309629977587,5,0.5,0.5,0.6265798471269796,0.3132899235634898,20.731179267204734,15.480990248108744,10633814.420499839
3400.0,3782.270982158615,1.7837309629977587,6,0.5,0.5,0.19312152323868656,0.09656076161934328,35.584120731916066,5.254534805669397,174474321.0205186
3400.0,3782.270982158615,1.7837309629977587,7,0.5,0.5,0.05440221749488981,0.027201108747444906,58.343747036870816,1.9546009976864986,2729982281.2132173
3400.0,3782.270982158615,1.7837309629977587,8,0.5,0.5,0.012080794181751812,0.006040397090875906,85.66217308535182,0.9067103567512644,38910360527.66289
3400.0,3782.270982158615,1.7837309629977587,9,0.5,0.5,0.0016703099231685648,0.0008351549615842824,103.00066387561805,0.6271431795090505,489233839021.5411
3400.0,3782.270982158615,1.7837309629977587,10,0.5,0.5,0.00012646795308658807,6.323397654329403e-05,98.03696780415162,0.6922564491209464,5571634255374.229
3600.0,3982.270982158615,1.685857395791012,1,0.5,0.5,110.4256873462887,55.21284367314435,1.8124455900764733,2025.4279351322864,40.31979360194189
3600.0,3982.270982158615,1.685857395791012,2,0.5,0.5,21.647181546163026,10.823590773081513,3.668249341778336,494.4575978808056,1705.1738483104587
3600.0,3982.270982158615,1.685857395791012,3,0.5,0.5,6.1911582899374515,3.0955791449687258,6.700877731392336,148.1778755984492,36342.65496216247
3600.0,3982.270982158615,1.685857395791012,4,0.5,0.5,1.9184392939779569,0.9592196469889784,11.902813670109051,46.96209698319012,657346.4502547398
3600.0,3982.270982158615,1.685857395791012,5,0.5,0.5,0.6027305676993603,0.30136528384968014,20.864652637235643,15.283556741116275,11269476.36179921
3600.0,3982.270982158615,1.685857395791012,6,0.5,0.5,0.18478744539731148,0.09239372269865574,35.903560169590705,5.161449959730934,187298181.78525692
3600.0,3982.270982158615,1.685857395791012,7,0.5,0.5,0.05172836822807412,0.02586418411403706,58.987532744037466,1.912169067135983,2967190251.2335887
3600.0,3982.270982158615,1.685857395791012,8,0.5,0.5,0.01137753897542929,0.005688769487714645,86.64966761499917,0.8861616452683472,42760802724.587234
3600.0,3982.270982158615,1.685857395791012,9,0.5,0.5,0.001547910884971331,0.0007739554424856655,103.96427129539856,0.6155715270160478,542875028685.68475
3600.0,3982.270982158615,1.685857395791012,10,0.5,0.5,0.00011473562835037948,5.736781417518974e-05,98.55942444574507,0.6849366950279165,6240072788645.853
3800.0,4182.270982158615,1.5956025948026196,1,0.5,0.5,108.27439020922954,54.13719510461477,1.8077692077690568,2035.9203432368531,40.80343125347979
3800.0,4182.270982158615,1.5956025948026196,2,0.5,0.5,21.162233229265816,10.581116614632908,3.6656117254754803,495.1694346699775,1740.489327936827
3800.0,4182.270982158615,1.5956025948026196,3,0.5,0.5,6.028219542672321,3.0141097713361606,6.71049502105403,147.75345136085045,37485.91298969377
3800.0,4182.270982158615,1.5956025948026196,4,0.5,0.5,1.8596208724517411,0.9298104362258706,11.947642866951913,46.61034166603931,685828.8704698151
3800.0,4182.270982158615,1.5956025948026196,5,0.5,0.5,0.5815062270056672,0.2907531135028336,20.99353266370503,15.096480172184881,11898595.03624958
3800.0,4182.270982158615,1.5956025948026196,6,0.5,0.5,0.1773920681114963,0.08869603405574815,36.20955825950716,5.074582272321022,200137726.01016542
3800.0,4182.270982158615,1.5956025948026196,7,0.5,0.5,0.0493614873882799,0.02468074369413995,59.59967941993663,1.873091115062008,3207280999.967378
3800.0,4182.270982158615,1.5956025948026196,8,0.5,0.5,0.010756832434288712,0.005378416217144356,87.57568435874805,0.8675203511184681,46693851083.01855
3800.0,4182.270982158615,1.5956025948026196,9,0.5,0.5,0.001440797597612232,0.000720398798806116,104.8410862043251,0.6053181939944708,598115473145.9653
3800.0,4182.270982158615,1.5956025948026196,10,0.5,0.5,0.0001046471394846315,5.232356974231575e-05,99.00166790852786,0.6788310963885786,6934156680461.471
4000.0,4382.270982158615,1.512029606476399,1,0.5,0.5,106.31483117141062,53.15741558570531,1.8035051793605363,2045.5587793112184,41.262145459147156
4000.0,4382.270982158615,1.512029606476399,2,0.5,0.5,20.721214532629993,10.360607266314997,3.6633552369806415,495.7796338895031,1774.2522884759057
4000.0,4382.270982158615,1.512029606476399,3,0.5,0.5,5.880435628283413,2.9402178141417066,6.719898675176199,147.34021590655595,38589.766589486164
4000.0,4382.270982158615,1.512029606476399,4,0.5,0.5,1.8064504553826226,0.9032252276913113,11.990435923906771,46.278237024709064,713628.7543500094
4000.0,4382.270982158615,1.512029606476399,5,0.5,0.5,0.5623897220164447,0.28119486100822233,21.115974686337665,14.921912391287899,12519572.542313628
4000.0,4382.270982158615,1.512029606476399,6,0.5,0.5,0.1707552441634982,0.0853776220817491,36.499644672334256,4.994240798162098,212953772.110009
4000.0,4382.270982158615,1.512029606476399,7,0.5,0.5,0.04724474271959054,0.02362237135979527,60.177823213147896,1.8372734660093273,3449446488.3259273
4000.0,4382.270982158615,1.512029606476399,8,0.5,0.5,0.010204246481664327,0.005102123240832163,88.4409337617403,0.850628859034634,50695860055.33085
4000.0,4382.270982158615,1.512029606476399,9,0.5,0.5,0.0013464141983304068,0.0006732070991652034,105.63879072051488,0.5962108966212536,654764399850.4368
4000.0,4382.270982158615,1.512029606476399,10,0.5,0.5,9.591647067796827e-05,4.795823533898414e-05,99.37628457049729,0.6737227926698579,7651534739574.666
4200.0,4582.270982158615,1.434352785080355,1,0.5,0.5,104.49960012238118,52.24980006119059,1.7994099795842022,2054.8801728186827,41.693583497712886
4200.0,4582.270982158615,1.434352785080355,2,0.5,0.5,20.313966663024015,10.156983331512007,3.6610330358694325,496.40878153252356,1806.3823702230397
4200.0,4582.270982158615,1.434352785080355,3,0.5,0.5,5.744533220762977,2.8722666103814887,6.728361483957851,146.96980539738522,39652.144561237255
4200.0,4582.270982158615,1.434352785080355,4,0.5,0.5,1.7577732960141432,0.8788866480070716,12.030059502483317,45.97388449787152,740685.6689307453
4200.0,4582.270982158615,1.434352785080355,5,0.5,0.5,0.5449680111762928,0.2724840055881464,21.23027538036509,14.761670133260694,13130744.469533965
4200.0,4582.270982158615,1.434352785080355,6,0.5,0.5,0.16473383714887482,0.08236691857443741,36.77146548475993,4.9206771804269085,225706194.76484907
4200.0,4582.270982158615,1.434352785080355,7,0.5,0.5,0.0453331337064969,0.02266656685324845,60.71955937960838,1.8046356335311389,3692866185.551175
4200.0,4582.270982158615,1.434352785080355,8,0.5,0.5,0.009708355589491234,0.004854177794745617,89.24563512964401,0.8353582807262622,54753105529.28576
4200.0,4582.270982158615,1.434352785080355,9,0.5,0.5,0.0012627271144710671,0.0006313635572355336,106.36371720416022,0.5881115896323007,712630641037.0381
4200.0,4582.270982158615,1.434352785080355,10,0.5,0.5,8.831683667089145e-05,4.4158418335445725e-05,99.69373400442993,0.6694390248035079,8389837726436.494
4400.0,4782.270982158615,1.3619080373662915,1,0.5,0.5,102.79348981926387,51.396744909631934,1.7953064215416241,2064.2846476167606,42.09627039310493
4400.0,4782.270982158615,1.3619080373662915,2,0.5,0.5,19.932913274506134,9.966456637253067,3.6583237129019976,497.14432591899043,1836.8305634192936
4400.0,4782.270982158615,1.3619080373662915,3,0.5,0.5,5.618058403063027,2.8090292015315135,6.735368106336235,146.6641869681117,40671.598026627325
4400.0,4782.270982158615,1.3619080373662915,4,0.5,0.5,1.7127193489418555,0.8563596744709278,12.065725262009867,45.70249259360201,766950.9157853216
4400.0,4782.270982158615,1.3619080373662915,5,0.5,0.5,0.5289283973383976,0.2644641986691988,21.33527814554211,14.616726915141866,13730663.405665524
4400.0,4782.270982158615,1.3619080373662915,6,0.5,0.5,0.1592188934962511,0.07960944674812555,37.02348575533478,4.853914711686663,238358581.27895525
4400.0,4782.270982158615,1.3619080373662915,7,0.5,0.5,0.04359210226271125,0.021796051131355625,61.22352525650488,1.775047935925745,3936775618.6109886
4400.0,4782.270982158615,1.3619080373662915,8,0.5,0.5,0.009260230961617691,0.004630115480808846,89.99077664329405,0.8215816891674188,58852600687.136665
4400.0,4782.270982158615,1.3619080373662915,9,0.5,0.5,0.0011881093931155576,0.0005940546965577788,107.02175475757306,0.580901658280377,771530769830.9423
4400.0,4782.270982158615,1.3619080373662915,10,0.5,0.5,8.166594768695774e-05,4.083297384347887e-05,99.96275539347603,0.6658406629843585,9146756708427.262
4600.0,4982.270982158615,1.2941298845524725,1,0.5,0.5,101.17325161908148,50.58662580954074,1.7910935188445565,2074.007041354318,42.47002894894289
4600.0,4982.270982158615,1.2941298845524725,2,0.5,0.5,19.572950816333783,9.786475408166892,3.655053978168014,498.03419357213653,1865.6001082905184
4600.0,4982.270982158615,1.2941298845524725,3,0.5,0.5,5.499319506227532,2.749659753113766,6.740661902618812,146.43391122930728,41647.80894947166
4600.0,4982.270982158615,1.2941298845524725,4,0.5,0.5,1.670675810692488,0.835337905346244,12.097082590838152,45.4658651804137,792397.7442424581
4600.0,4982.270982158615,1.2941298845524725,5,0.5,0.5,0.5140464019521612,0.2570232009760806,21.430550757488845,14.487054250816785,14318289.907342298
4600.0,4982.270982158615,1.2941298845524725,6,0.5,0.5,0.15413074466997315,0.07706537233498657,37.2553120703448,4.793694354381697,250881604.30044034
4600.0,4982.270982158615,1.2941298845524725,7,0.5,0.5,0.04199579065836901,0.020997895329184505,61.689914799381526,1.7483098741065035,4180519245.412789
4600.0,4982.270982158615,1.2941298845524725,8,0.5,0.5,0.008852950858958509,0.004426475429479254,90.6787263732285,0.8091628362767258,62982755811.101585
4600.0,4982.270982158615,1.2941298845524725,9,0.5,0.5,0.0011212502168747051,0.0005606251084373526,107.61882727241095,0.5744738187993913,831296024387.8326
4600.0,4982.270982158615,1.2941298845524725,10,0.5,0.5,7.581566054891458e-05,3.790783027445729e-05,100.19068632781863,0.6628145722626261,9920112782081.584
4800.0,5182.270982158615,1.2305335754679194,1,0.5,0.5,99.6254088672206,49.8127044336103,1.7867370723537623,2084.133115115627,42.81592260723902
4800.0,5182.270982158615,1.2305335754679194,2,0.5,0.5,19.230976224879186,9.615488112439593,3.6511816683590284,499.0911474786717,1892.7465959528117
4800.0,5182.270982158615,1.2305335754679194,3,0.5,0.5,5.387233963204705,2.6936169816023523,6.744218029288915,146.27952706015418,42581.6461343142
4800.0,5182.270982158615,1.2305335754679194,4,0.5,0.5,1.6312329552787406,0.8156164776393703,12.12417846769042,45.26287231265109,817023.3204017907
4800.0,5182.270982158615,1.2305335754679194,5,0.5,0.5,0.5001664281783869,0.25008321408919343,21.516328820380444,14.371774881999183,14893043.503702004
4800.0,5182.270982158615,1.2305335754679194,6,0.5,0.5,0.14941237026992216,0.07470618513496108,37.467620026542775,4.7395219264875355,263254160.90952635
4800.0,5182.270982158615,1.2305335754679194,7,0.5,0.5,0.04052501436258532,0.02026250718129266,62.120401236160895,1.7241627056978037,4423571558.081084
4800.0,5182.270982158615,1.2305335754679194,8,0.5,0.5,0.008481126460713693,0.004240563230356847,91.31318413341222,0.79795752948473,67133671678.3612
4800.0,5182.270982158615,1.2305335754679194,9,0.5,0.5,0.0010610833013250007,0.0005305416506625004,108.1609650965363,0.568729353469456,891775751603.1132
4800.0,5182.270982158615,1.2305335754679194,10,0.5,0.5,7.064462564599475e-05,3.5322312822997376e-05,100.38371495498295,0.6602679604642502,10707895922149.29
5000.0,5382.270982158615,1.1707009912130686,1,0.5,0.5,98.14324179589411,49.07162089794706,1.7822500440074753,2094.640435611037,43.13591165925768
5000.0,5382.270982158615,1.1707009912130686,2,0.5,0.5,18.905269270208205,9.452634635104102,3.6467573228476855,500.3029041037675,1918.3648205593324
5000.0,5382.270982158615,1.1707009912130686,3,0.5,0.5,5.28114059565451,2.640570297827255,6.746175872638633,146.19463427142915,43474.91339925389
5000.0,5382.270982158615,1.1707009912130686,4,0.5,0.5,1.5941218734587477,0.7970609367293738,12.147342490983808,45.09041145475228,840844.6910426
5000.0,5382.270982158615,1.1707009912130686,5,0.5,0.5,0.48718082924528655,0.24359041462264328,21.59332458516186,14.269466139160201,15454744.39435958
5000.0,5382.270982158615,1.1707009912130686,6,0.5,0.5,0.14502261473079475,0.07251130736539738,37.66185045233375,4.690762474283262,275462643.21842134
5000.0,5382.270982158615,1.1707009912130686,7,0.5,0.5,0.0391653203286718,0.0195826601643359,62.51770988680363,1.7023177582095834,4665529904.398747
5000.0,5382.270982158615,1.1707009912130686,8,0.5,0.5,0.008140488361919964,0.004070244180959982,91.89874813364759,0.7878210134810066,71297089979.82562
5000.0,5382.270982158615,1.1707009912130686,9,0.5,0.5,0.001006731296148514,0.000503365648074257,108.6541442786877,0.5635781662776488,952837400635.4424
5000.0,5382.270982158615,1.1707009912130686,10,0.5,0.5,6.605288317284567e-05,3.3026441586422836e-05,100.54708096684108,0.6581241346233604,11508271512011.166
5200.0,5582.270982158615,1.1142694299146894,1,0.5,0.5,96.7239566266695,48.36197831333475,1.7776718151085824,2105.4434331506845,43.4324356223929
5200.0,5582.270982158615,1.1142694299146894,2,0.5,0.5,18.594923539112347,9.297461769556174,3.641882885880745,501.6430498848113,1942.571480892446
5200.0,5582.270982158615,1.1142694299146894,3,0.5,0.5,5.180630849072494,2.590315424536247,6.746764973293244,146.16910511927506,44329.98408147943
5200.0,5582.270982158615,1.1142694299146894,4,0.5,0.5,1.5591599057827765,0.7795799528913883,12.16705802356319,44.944400608024736,863892.2087228925
5200.0,5582.270982158615,1.1142694299146894,5,0.5,0.5,0.4750120156336374,0.2375060078168187,21.662507550635574,14.178467663791945,16003503.303069698
5200.0,5582.270982158615,1.1142694299146894,6,0.5,0.5,0.14093053017529175,0.07046526508764588,37.839852234517366,4.646734807095204,287499231.16763484
5200.0,5582.270982158615,1.1142694299146894,7,0.5,0.5,0.03790541276938731,0.018952706384693655,62.88510531338485,1.6824848648590065,4906091293.87835
5200.0,5582.270982158615,1.1142694299146894,8,0.5,0.5,0.007827564029616783,0.003913782014808392,92.4403877745197,0.7786158388445885,75466137919.91032
5200.0,5582.270982158615,1.1142694299146894,9,0.5,0.5,0.0009574637094661242,0.0004787318547330621,109.10406591185028,0.5589396006823302,1014364314761.0995
5200.0,5582.270982158615,1.1142694299146894,10,0.5,0.5,6.195772941229156e-05,3.097886470614578e-05,100.68523696849432,0.656319273833814,12319565018456.03
5400.0,5782.270982158615,1.0609226033406993,1,0.5,0.5,95.3656375297737,47.68281876488685,1.7730430697619677,2116.4508166136998,43.70784734932398
5400.0,5782.270982158615,1.0609226033406993,2,0.5,0.5,18.299246079226513,9.149623039613257,3.636660942846643,503.08471970241595,1965.4804010119071
5400.0,5782.270982158615,1.0609226033406993,3,0.5,0.5,5.085375487583715,2.5426877437918574,6.746212397284099,146.19305125197576,45149.24410782252
5400.0,5782.270982158615,1.0609226033406993,4,0.5,0.5,1.5261962414556736,0.7630981207278368,12.183798068664272,44.820981880114225,886198.8370046429
5400.0,5782.270982158615,1.0609226033406993,5,0.5,0.5,0.4635951518218614,0.2317975759109307,21.724819624370138,14.09724971069362,16539528.71088299
5400.0,5782.270982158615,1.0609226033406993,6,0.5,0.5,0.1371100779926679,0.06855503899633394,38.00340973075255,4.60682402698411,299358636.5220823
5400.0,5782.270982158615,1.0609226033406993,7,0.5,0.5,0.03673573670295804,0.01836786835147902,63.22570179714585,1.664406617929385,5145003804.747652
5400.0,5782.270982158615,1.0609226033406993,8,0.5,0.5,0.00753940566859762,0.00376970283429881,92.94272662682417,0.7702220245066934,79634744934.37439
5400.0,5782.270982158615,1.0609226033406993,9,0.5,0.5,0.0009126641117371382,0.0004563320558685691,109.51582638814206,0.5547444704768749,1076249985263.0996
5400.0,5782.270982158615,1.0609226033406993,10,0.5,0.5,5.8290569442046386e-05,2.9145284721023193e-05,100.80197891928046,0.6547999460354491,13140211467305.826
5600.0,5982.270982158615,1.0103833494427494,1,0.5,0.5,94.07057679206076,47.03528839603038,1.7684383839747004,2127.4868571560046,43.96524211667374
5600.0,5982.270982158615,1.0103833494427494,2,0.5,0.5,18.01838715925966,9.00919357962983,3.631261937188321,504.58181713222837,1987.239888416856
5600.0,5982.270982158615,1.0103833494427494,3,0.5,0.5,4.99529543192173,2.497647715960865,6.744868024838836,146.25133482278036,45935.94642661074
5600.0,5982.270982158615,1.0103833494427494,4,0.5,0.5,1.4951614023755784,0.7475807011877892,12.198251954857602,44.71482674286967,907816.7658245503
5600.0,5982.270982158615,1.0103833494427494,5,0.5,0.5,0.4528923870039723,0.22644619350198614,21.781576591950643,14.023878098156317,17063432.24977775
5600.0,5982.270982158615,1.0103833494427494,6,0.5,0.5,0.13354393593244399,0.06677196796622199,38.15492284926278,4.5703092941089505,311043439.1070842
5600.0,5982.270982158615,1.0103833494427494,7,0.5,0.5,0.03564927671538901,0.017824638357694506,63.54348152989495,1.6478009132554607,5382149699.45693
5600.0,5982.270982158615,1.0103833494427494,8,0.5,0.5,0.007273653709509726,0.003636826854754863,93.41116093904571,0.7625164406684791,83798677738.92969
5600.0,5982.270982158615,1.0103833494427494,9,0.5,0.5,0.0008718146421470239,0.00043590732107351193,109.89459178419715,0.5509270686061981,1138408892701.4846
5600.0,5982.270982158615,1.0103833494427494,10,0.5,0.5,5.4993720502526016e-05,2.7496860251263008e-05,100.9005522454238,0.6535211764220171,13968861310319.94
5800.0,6182.270982158615,0.9624076886078359,1,0.5,0.5,92.83713413614004,46.41856706807002,1.7638916766410413,2138.468854677068,44.20663780089238
5800.0,6182.270982158615,0.9624076886078359,2,0.5,0.5,17.751772213345742,8.875886106672871,3.6257716077527156,506.1111014798719,2007.9509187127996
5800.0,6182.270982158615,0.9624076886078359,3,0.5,0.5,4.910123585006683,2.4550617925033413,6.742922398120212,146.33574675590603,46692.329267939145
5800.0,6182.270982158615,0.9624076886078359,4,0.5,0.5,1.4659350419264454,0.7329675209632227,12.210818548758285,44.62283881851085,928780.491530609
5800.0,6182.270982158615,0.9624076886078359,5,0.5,0.5,0.4428527038637113,0.22142635193185564,21.83357664196651,13.957157562849213,17575546.268026434
5800.0,6182.270982158615,0.9624076886078359,6,0.5,0.5,0.1302118764589209,0.06510593822946045,38.295907808233736,4.536720389220618,322552184.40837014
5800.0,6182.270982158615,0.9624076886078359,7,0.5,0.5,0.03463870817882024,0.01731935408941012,63.841075190927874,1.6324743490022844,5617361442.085986
5800.0,6182.270982158615,0.9624076886078359,8,0.5,0.5,0.0070280900576454855,0.0035140450288227427,93.84949402686081,0.7554102618173336,87953265146.0243
5800.0,6182.270982158615,0.9624076886078359,9,0.5,0.5,0.0008344662200193612,0.0004172331100096806,110.2443473947679,0.5474369273187161,1200753082124.641
5800.0,6182.270982158615,0.9624076886078359,10,0.5,0.5,5.2019246326029064e-05,2.6009623163014532e-05,100.98373867812731,0.6524449297991025,14804159595578.04
6000.0,6382.270982158615,0.916779941326284,1,0.5,0.5,91.66483911007694,45.83241955503847,1.7594436960649156,2149.294880243682,44.4341439940586
6000.0,6382.270982158615,0.916779941326284,2,0.5,0.5,17.49907805669121,8.749539028345605,3.6202884129358592,507.64534792832075,2027.7192329860436
6000.0,6382.270982158615,0.916779941326284,3,0.5,0.5,4.82967449260192,2.41483724630096,6.740587294070004,146.43715287030972,47420.794801272044
6000.0,6382.270982158615,0.916779941326284,4,0.5,0.5,1.4384259637465355,0.7192129818732678,12.221931135809179,44.54173056447111,949129.4772175656
6000.0,6382.270982158615,0.916779941326284,5,0.5,0.5,0.4334356717275906,0.2167178358637953,21.881672598142487,13.895869277410661,18076334.700003028
6000.0,6382.270982158615,0.916779941326284,6,0.5,0.5,0.12709741572421446,0.06354870786210723,38.42796124973683,4.50559408594619,333886446.56069475
6000.0,6382.270982158615,0.916779941326284,7,0.5,0.5,0.033697924180009,0.0168489620900045,64.12119743616121,1.6182421285842892,5850529873.242655
6000.0,6382.270982158615,0.916779941326284,8,0.5,0.5,0.006800827490426852,0.003400413745213426,94.26150018926471,0.7488210711277188,92094726259.43784
6000.0,6382.270982158615,0.916779941326284,9,0.5,0.5,0.0008002343834489751,0.00040011719172448754,110.56880515198088,0.5442287973334992,1263205825136.7925
6000.0,6382.270982158615,0.916779941326284,10,0.5,0.5,4.932657196631885e-05,2.4663285983159426e-05,101.05392771780181,0.6515389070376535,15644876453069.146
6200.0,6582.270982158615,0.8733086911003445,1,0.5,0.5,90.55282929099062,45.27641464549531,1.755127901720412,2159.877948571216,44.64961976689412
6200.0,6582.270982158615,0.8733086911003445,2,0.5,0.5,17.25992998188057,8.629964990940286,3.6148947109750713,509.1613701899377,2046.639753193851
6200.0,6582.270982158615,0.8733086911003445,3,0.5,0.5,4.753758711930182,2.376879355965091,6.738042536888904,146.5477836249004,48123.542413862044
6200.0,6582.270982158615,0.8733086911003445,4,0.5,0.5,1.412545861758608,0.706272930879304,12.231962028066189,44.46870710323504,968900.7530578733
6200.0,6582.270982158615,0.8733086911003445,5,0.5,0.5,0.4246032970938576,0.2123016485469288,21.926604283616154,13.838977193262286,18566252.48713419
6200.0,6582.270982158615,0.8733086911003445,6,0.5,0.5,0.12418538292682421,0.062092691463412106,38.5524787813089,4.476536579596611,345048320.285767
6200.0,6582.270982158615,0.8733086911003445,7,0.5,0.5,0.03282140683269792,0.01641070341634896,64.38623303882775,1.604947080077858,6081564777.452477
6200.0,6582.270982158615,0.8733086911003445,8,0.5,0.5,0.006590195046408406,0.003295097523204203,94.65049581950676,0.7426786932681093,96219675866.36656
6200.0,6582.270982158615,0.8733086911003445,9,0.5,0.5,0.0007687863775028236,0.0003843931887514118,110.87120517370165,0.5412640895560913,1325696481857.139
6200.0,6582.270982158615,0.8733086911003445,10,0.5,0.5,4.688131569885646e-05,2.344065784942823e-05,101.11317575755946,0.6507755823157896,16489858890118.936
6400.0,6782.270982158615,0.8318234255480879,1,0.5,0.5,89.49986263931439,44.74993131965719,1.7509707658550582,2170.146041072792,44.854683306233
6400.0,6782.270982158615,0.8318234255480879,2,0.5,0.5,17.033901794599462,8.516950897299731,3.6096574566904445,510.6399271394067,2064.796767211669
6400.0,6782.270982158615,0.8318234255480879,3,0.5,0.5,4.682181695556236,2.341090847778118,6.735437405264107,146.66116901455737,48802.56274273256
6400.0,6782.270982158615,0.8318234255480879,4,0.5,0.5,1.388208497859925,0.6941042489299625,12.24122523127134,44.401431678277895,988128.545737568
6400.0,6782.270982158615,0.8318234255480879,5,0.5,0.5,0.4163195740267648,0.2081597870133824,21.96900336017783,13.78561167318185,19045733.94611874
6400.0,6782.270982158615,0.8318234255480879,6,0.5,0.5,0.12146170744286815,0.060730853721434074,38.67066357874227,4.449216121714997,356040145.3068795
6400.0,6782.270982158615,0.8318234255480879,7,0.5,0.5,0.032004137122248595,0.016002068561124298,64.63825282680638,1.5924563369221962,6310389732.338538
6400.0,6782.270982158615,0.8318234255480879,8,0.5,0.5,0.006394705343757316,0.003197352671878658,95.01937074655687,0.7369235764975772,100325051252.35605
6400.0,6782.270982158615,0.8318234255480879,9,0.5,0.5,0.0007398328706704984,0.0003699164353352492,111.15436535253816,0.5385099157695181,1388159677190.3474
6400.0,6782.270982158615,0.8318234255480879,10,0.5,0.5,4.465419730103022e-05,2.232709865051511e-05,101.16325524109556,0.6501314267231071,17338023130932.61
6600.0,6982.270982158615,0.7921717255288867,1,0.5,0.5,88.50438673076282,44.25219336538141,1.7469926041779333,2180.0407839856184,45.050734923261864
6600.0,6982.270982158615,0.7921717255288867,2,0.5,0.5,16.8205269974604,8.4102634987302,3.6046299783380578,512.0653280763115,2082.2647651006537
6600.0,6982.270982158615,0.7921717255288867,3,0.5,0.5,4.614745903630556,2.307372951815278,6.7328940389772205,146.77199313386845,49459.64832058358
6600.0,6982.270982158615,0.7921717255288867,4,0.5,0.5,1.3653299101517886,0.6826649550758943,12.249982718923984,44.33796938508838,1006844.2674077508
6600.0,6982.270982158615,0.7921717255288867,5,0.5,0.5,0.4085503734207761,0.20427518671038805,22.009404554115235,13.735047471257912,19515188.290711224
6600.0,6982.270982158615,0.7921717255288867,6,0.5,0.5,0.11891331562190108,0.05945665781095054,38.783545760375304,4.423354312820171,366864361.00886697
6600.0,6982.270982158615,0.7921717255288867,7,0.5,0.5,0.031241537254595476,0.015620768627297738,64.87904521863781,1.5806577724593427,6536939004.804203
6600.0,6982.270982158615,0.7921717255288867,8,0.5,0.5,0.006213029920846215,0.0031065149604231077,95.3706341788407,0.7315051873117052,104408064383.07898
6600.0,6982.270982158615,0.7921717255288867,9,0.5,0.5,0.0007131212667782612,0.0003565606333891306,111.42073375293255,0.5359382119236805,1450534732164.8176
6600.0,6982.270982158615,0.7921717255288867,10,0.5,0.5,4.2620158308294915e-05,2.1310079154147457e-05,101.2056957271961,0.649586277395937,18188349197599.3
6800.0,7182.270982158615,0.7542169000457368,1,0.5,0.5,87.56461565625065,43.782307828125326,1.7432084893836817,2189.515816452692,45.238982557884185
6800.0,7182.270982158615,0.7542169000457368,2,0.5,0.5,16.619311618826874,8.309655809413437,3.5998539225095003,513.4249804483928,2099.109435918809
6800.0,7182.270982158615,0.7542169000457368,3,0.5,0.5,4.551253474637032,2.275626737318516,6.730511159539989,146.8759382480857,50096.40951795051
6800.0,7182.270982158615,0.7542169000457368,4,0.5,0.5,1.3438288388718884,0.6719144194359442,12.258451287910946,44.27673009040652,1025076.6428167934
6800.0,7182.270982158615,0.7542169000457368,5,0.5,0.5,0.40126342082090816,0.20063171041045408,22.048257949185224,13.68668237814052,19974998.26685385
6800.0,7182.270982158615,0.7542169000457368,6,0.5,0.5,0.11652806322272438,0.05826403161136219,38.8920035966309,4.398717962957425,377523422.4336151
6800.0,7182.270982158615,0.7542169000457368,7,0.5,0.5,0.030529426592302535,0.015264713296151268,65.11015017933266,1.5694567677350293,6761155458.815025
6800.0,7182.270982158615,0.7542169000457368,8,0.5,0.5,0.0060439792159907475,0.0030219896079953738,95.70646140656974,0.7263805937402443,108466167010.74603
6800.0,7182.270982158615,0.7542169000457368,9,0.5,0.5,0.0006884302207134709,0.00034421511035673545,111.67243705462852,0.533524986324617,1512765226973.5374
6800.0,7182.270982158615,0.7542169000457368,10,0.5,0.5,4.0757652119418344e-05,2.0378826059709172e-05,101.24181834599752,0.6491228212510142,19039876621447.906
7000.0,7382.270982158615,0.7178359860193058,1,0.5,0.5,86.67858949271817,43.33929474635909,1.739629003996088,2198.5354441593863,45.42046352463218
7000.0,7382.270982158615,0.7178359860193058,2,0.5,0.5,16.429743880675176,8.214871940337588,3.5953608659242065,514.7090178443892,2115.388531679933
7000.0,7382.270982158615,0.7178359860193058,3,0.5,0.5,4.4915081168307385,2.2457540584153692,6.728367171446746,146.96955693033175,50714.288701610036
7000.0,7382.270982158615,0.7178359860193058,4,0.5,0.5,1.323626965568619,0.6618134827843095,12.266808305218506,44.21642176111472,1042851.8295625128
7000.0,7382.270982158615,0.7178359860193058,5,0.5,0.5,0.39442823859217785,0.19721411929608892,22.08593934672417,13.640019806216172,20425519.130297367
7000.0,7382.270982158615,0.7178359860193058,6,0.5,0.5,0.11429466662127699,0.057147333310638496,38.996781472795725,4.375112468174301,388019728.2659173
7000.0,7382.270982158615,0.7178359860193058,7,0.5,0.5,0.02986398158466292,0.01493199079233146,65.33288808389791,1.5587735844647792,6982988704.121783
7000.0,7382.270982158615,0.7178359860193058,8,0.5,0.5,0.005886485336259917,0.0029432426681299585,96.02873351963997,0.7215133130018272,112497019145.28079
7000.0,7382.270982158615,0.7178359860193058,9,0.5,0.5,0.0006655650863381638,0.0003327825431690819,111.91132159052103,0.5312497055146981,1574798597508.6775
7000.0,7382.270982158615,0.7178359860193058,10,0.5,0.5,3.904806965954875e-05,1.9524034829774374e-05,101.2727648320807,0.6487261696700027,19891700369514.44
7200.0,7582.270982158615,0.6829180484670132,1,0.5,0.5,85.84423573804021,42.922117869020106,1.7362610205682152,2207.073115133727,45.596067247270184
7200.0,7582.270982158615,0.6829180484670132,2,0.5,0.5,16.251304377045066,8.125652188522533,3.5911739820027053,515.9098970972788,2131.1528115138003
7200.0,7582.270982158615,0.6829180484670132,3,0.5,0.5,4.435317216305458,2.217658608152729,6.726523366650581,147.05013951326015,51314.577474608785
7200.0,7582.270982158615,0.6829180484670132,4,0.5,0.5,1.3046492531567215,0.6523246265783608,12.275197651904268,44.156003975247756,1060193.6267782669
7200.0,7582.270982158615,0.6829180484670132,5,0.5,0.5,0.3880161345076993,0.19400806725384964,22.12276100401477,13.594652037003964,20867079.754909024
7200.0,7582.270982158615,0.6829180484670132,6,0.5,0.5,0.11220265435913018,0.05610132717956509,39.098508518960976,4.352375627627455,398355593.1051292
7200.0,7582.270982158615,0.6829180484670132,7,0.5,0.5,0.029241703984727446,0.014620851992363723,65.54838936108789,1.548540975889532,7202394008.929397
7200.0,7582.270982158615,0.6829180484670132,8,0.5,0.5,0.005739587800636238,0.002869793900318119,96.33907666253826,0.7168722876061792,116498467650.68129
7200.0,7582.270982158615,0.6829180484670132,9,0.5,0.5,0.0006443541387790015,0.00032217706938950075,112.13899110736921,0.5290947621854343,1636585839383.7874
7200.0,7582.270982158615,0.6829180484670132,10,0.5,0.5,3.74752704176249e-05,1.873763520881245e-05,101.29952208541157,0.648383505901826,20742967739112.45
7400.0,7782.270982158615,0.6493627293807283,1,0.5,0.5,85.05941919566864,42.52970959783432,1.733108374058815,2215.1100620594843,45.76655544678093
7400.0,7782.270982158615,0.6493627293807283,2,0.5,0.5,16.083474180471743,8.041737090235872,3.587309483237523,517.022043714943,2146.4468972737427
7400.0,7782.270982158615,0.6493627293807283,3,0.5,0.5,4.382493443941872,2.191246721970936,6.725026711199815,147.11559884660787,51898.43284591494
7400.0,7782.270982158615,0.6493627293807283,4,0.5,0.5,1.2868241698865521,0.6434120849432761,12.283734917663645,44.09464795533194,1077123.6854682332
7400.0,7782.270982158615,0.6493627293807283,5,0.5,0.5,0.382000169992447,0.1910000849962235,22.15898106503805,13.550245960900028,21299984.18219517
7400.0,7782.270982158615,0.6493627293807283,6,0.5,0.5,0.11024231911207345,0.055121159556036727,39.1977150420541,4.330372424330125,408533233.4315842
7400.0,7782.270982158615,0.6493627293807283,7,0.5,0.5,0.028659392105072123,0.014329696052536062,65.7576206795645,1.5387021830382137,7419331492.375037
7400.0,7782.270982158615,0.6493627293807283,8,0.5,0.5,0.005602421209606759,0.0028012106048033794,96.63889649869537,0.7124310299324432,120468528901.9344
7400.0,7782.270982158615,0.6493627293807283,9,0.5,0.5,0.0006246454081951776,0.0003123227040975888,112.35683941334982,0.5270450310376926,1698081256641.072
7400.0,7782.270982158615,0.6493627293807283,10,0.5,0.5,3.6025198465509755e-05,1.8012599232754877e-05,101.32294302740404,0.6480837910115395,21592875632283.176
7600.0,7982.270982158615,0.6170790035737437,1,0.5,0.5,84.32198147220338,42.16099073610169,1.730172432537475,2222.634111505399,45.93257982205073
7600.0,7982.270982158615,0.6170790035737437,2,0.5,0.5,15.92574109413282,7.96287054706641,3.583777851756075,518.0415438531517,2161.310036859552
7600.0,7982.270982158615,0.6170790035737437,3,0.5,0.5,4.332855916033246,2.166427958016623,6.723912235276919,147.16437116094687,52466.892058523146
7600.0,7982.270982158615,0.6170790035737437,4,0.5,0.5,1.2700838100700167,0.6350419050350083,12.292511879758456,44.0317024986711,1093661.7113990705
7600.0,7982.270982158615,0.6170790035737437,5,0.5,0.5,0.3763551100471051,0.18817755502355255,22.194811733926205,13.506531016890909,21724513.385149974
7600.0,7982.270982158615,0.6170790035737437,6,0.5,0.5,0.10840466976933132,0.05420233488466566,39.29484683289905,4.308990639836864,418554762.6084156
7600.0,7982.270982158615,0.6170790035737437,7,0.5,0.5,0.028114114582315778,0.014057057291157889,65.96140780476529,1.5292092591399402,7633765519.07128
7600.0,7982.270982158615,0.6170790035737437,8,0.5,0.5,0.005474204514277221,0.0027371022571386107,96.9294081979602,0.7081669083648018,124405374512.95944
7600.0,7982.270982158615,0.6170790035737437,9,0.5,0.5,0.0006063040130892363,0.00030315200654461815,112.56607850735185,0.5250874975984045,1759242245217.6997
7600.0,7982.270982158615,0.6170790035737437,10,0.5,0.5,3.468556640239555e-05,1.7342783201197775e-05,101.34376437430895,0.6478175172781221,22440668127285.92
7800.0,8182.270982158615,0.5859841076219732,1,0.5,0.5,83.62977697546052,41.81488848773026,1.727452632617308,2229.6385049754904,46.09469890169055
7800.0,8182.270982158615,0.5859841076219732,2,0.5,0.5,15.777605346262092,7.888802673131046,3.580584994841155,518.96584532326,2175.7768486956247
7800.0,8182.270982158615,0.5859841076219732,3,0.5,0.5,4.286231256488131,2.1431156282440655,6.7232052814884335,147.19532183856367,53020.887704535715
7800.0,8182.270982158615,0.5859841076219732,4,0.5,0.5,1.2543640103030242,0.6271820051515121,12.301600726797957,43.96666225261577,1109825.6913634571
7800.0,8182.270982158615,0.5859841076219732,5,0.5,0.5,0.37105738226627843,0.18552869113313922,22.23042700507438,13.46328817416333,22140927.806828015
7800.0,8182.270982158615,0.5859841076219732,6,0.5,0.5,0.10668139049180538,0.05334069524590269,39.390278725764766,4.288136915751727,428422204.84830457
7800.0,8182.270982158615,0.5859841076219732,7,0.5,0.5,0.027603187847994794,0.013801593923997397,66.16045720027775,1.5200215871507372,7845664455.61716
7800.0,8182.270982158615,0.5859841076219732,8,0.5,0.5,0.005354231836509497,0.0026771159182547486,97.21166429700514,0.7040605236801556,128307322206.69424
7800.0,8182.270982158615,0.5859841076219732,9,0.5,0.5,0.0005892099103896531,0.00029460495519482657,112.7677637877094,0.5232109379804817,1820029134239.124
7800.0,8182.270982158615,0.5859841076219732,10,0.5,0.5,3.344559344250574e-05,1.672279672125287e-05,101.36262183494591,0.6475765002885635,23285634589299.676
8000.0,8382.270982158614,0.556002614247536,1,0.5,0.5,82.9806992387826,41.4903496193913,1.7249469139558535,2236.120912741478,46.253392272171894
8000.0,8382.270982158614,0.556002614247536,2,0.5,0.5,15.638583552561226,7.819291776280613,3.577733189583226,519.7935087048121,2189.877959830959
8000.0,8382.270982158614,0.556002614247536,3,0.5,0.5,4.242454235829045,2.1212271179145223,6.722923356279669,147.20766734356152,53561.26089616388
8000.0,8382.270982158614,0.556002614247536,4,0.5,0.5,1.2396043633095235,0.6198021816547618,12.311057560761919,43.899141533387834,1125632.0943208989
8000.0,8382.270982158614,0.556002614247536,5,0.5,0.5,0.36608501484782635,0.18304250742391318,22.2659691130211,13.420340865210509,22549469.690934766
8000.0,8382.270982158614,0.556002614247536,6,0.5,0.5,0.10506479773794464,0.05253239886897232,39.484325978613,4.267733518003315,438137509.6324623
8000.0,8382.270982158614,0.556002614247536,7,0.5,0.5,0.027124154905863247,0.013562077452931623,66.35537425036001,1.511104661496015,8055000485.2951975
8000.0,8382.270982158614,0.556002614247536,8,0.5,0.5,0.005241864345158474,0.002620932172579237,97.4865782908864,0.7000951947503617,132172827906.92458
8000.0,8382.270982158614,0.556002614247536,9,0.5,0.5,0.00057325598186418,0.00028662799093209,112.9628154834254,0.5214056523533236,1880405043212.9314
8000.0,8382.270982158614,0.556002614247536,10,0.5,0.5,3.229578784215683e-05,1.6147893921078415e-05,101.3800631478477,0.6473537027785825,24127107915351.66
8200.0,8582.270982158614,0.5270656294540079,1,0.5,0.5,82.37269640422937,41.18634820211469,1.722652036467052,2242.0826990473756,46.409071659927
8200.0,8582.270982158614,0.5270656294540079,2,0.5,0.5,15.50821072633307,7.754105363166535,3.575221782010605,520.5240210624311,2203.640508220323
8200.0,8582.270982158614,0.5270656294540079,3,0.5,0.5,4.201367925043773,2.1006839625218867,6.7230775177855255,147.20091641872833,54088.771634924895
8200.0,8582.270982158614,0.5270656294540079,4,0.5,0.5,1.225748109665304,0.612874054832652,12.320925051835399,43.82885445240207,1141096.0265678673
8200.0,8582.270982158614,0.5270656294540079,5,0.5,0.5,0.36141754688702854,0.18070877344351427,22.30155347026972,13.377548042580104,22950364.743314892
8200.0,8582.270982158614,0.5270656294540079,6,0.5,0.5,0.10354779293222531,0.051773896466112655,39.57725306753283,4.247715834685371,447702557.3002372
8200.0,8582.270982158614,0.5270656294540079,7,0.5,0.5,0.026674764636522533,0.013337382318261266,66.54667750462774,1.5024291351208254,8261749321.140737
8200.0,8582.270982158614,0.5270656294540079,8,0.5,0.5,0.005136522948956739,0.0025682614744783694,97.75494342887369,0.6962565500054521,136000476918.31213
8200.0,8582.270982158614,0.5270656294540079,9,0.5,0.5,0.0005583463974341116,0.0002791731987170558,113.15203627997761,0.519663248021132,1940335731600.7527
8200.0,8582.270982158614,0.5270656294540079,10,0.5,0.5,3.1227765523930004e-05,1.5613882761965002e-05,101.39655929911949,0.6471430846666173,24964462682009.473
8400.0,8782.270982158614,0.4991100937005646,1,0.5,0.5,81.80378181619211,40.90189090809606,1.7205638384528945,2247.5283020354823,46.56209034552217
8400.0,8782.270982158614,0.4991100937005646,2,0.5,0.5,15.386041456727257,7.693020728363629,3.5730477611002387,521.1576394476263,2217.088575628708
8400.0,8782.270982158614,0.4991100937005646,3,0.5,0.5,4.162823665797704,2.081411832898852,6.723673524774278,147.17482089634393,54604.10787931313
8400.0,8782.270982158614,0.4991100937005646,4,0.5,0.5,1.2127419936938992,0.6063709968469496,12.331234652701966,43.75559834799669,1156231.3696529563
8400.0,8782.270982158614,0.4991100937005646,5,0.5,0.5,0.35703593534260325,0.17851796767130163,22.33727281338006,13.334798403466012,23343823.64543188
8400.0,8782.270982158614,0.4991100937005646,6,0.5,0.5,0.10212381712041034,0.05106190856020517,39.66928111600005,4.228030296840291,457119164.8636263
8400.0,8782.270982158614,0.4991100937005646,7,0.5,0.5,0.026252952874807837,0.013126476437403918,66.73481077714301,1.4939700270449698,8465889958.774191
8400.0,8782.270982158614,0.4991100937005646,8,0.5,0.5,0.005037681859102147,0.0025188409295510733,98.01744875182185,0.6925321864601042,139788975969.5307
8400.0,8782.270982158614,0.4991100937005646,9,0.5,0.5,0.0005443952146254603,0.00027219760731273017,113.33612642624503,0.5179764568302796,1999789459740.284
8400.0,8782.270982158614,0.4991100937005646,10,0.5,0.5,3.023409788775771e-05,1.5117048943878855e-05,101.41251420284553,0.6469394748165667,25797113386926.664
8600.0,8982.270982158614,0.47207817160950194,1,0.5,0.5,81.27203901677785,40.63601950838893,1.718677427024851,2252.4647604750767,46.7127506506219
8600.0,8982.270982158614,0.47207817160950194,2,0.5,0.5,15.271650115980274,7.635825057990137,3.5712061893412073,521.6952710476525,2230.243535766188
8600.0,8982.270982158614,0.47207817160950194,3,0.5,0.5,4.126680815767582,2.063340407883791,6.72471271178458,147.1293378098829,55107.892850915705
8600.0,8982.270982158614,0.47207817160950194,4,0.5,0.5,1.200536069703625,0.6002680348518125,12.342008307139503,43.67924092987306,1171050.8895345773
8600.0,8982.270982158614,0.47207817160950194,5,0.5,0.5,0.35292245379121573,0.17646122689560786,22.373200437554374,13.292005870546975,23730043.159255575
8600.0,8982.270982158614,0.47207817160950194,6,0.5,0.5,0.1007868058812753,0.05039340294063765,39.760593750204535,4.208632736196286,466389086.7063485
8600.0,8982.270982158614,0.47207817160950194,7,0.5,0.5,0.025856824678476983,0.012928412339238492,66.92015279697108,1.4857060896177419,8667404375.828068
8600.0,8982.270982158614,0.47207817160950194,8,0.5,0.5,0.004944862848383881,0.0024724314241919404,98.27469212341148,0.6889113935716928,143537144863.96307
8600.0,8982.270982158614,0.47207817160950194,9,0.5,0.5,0.0005313251742976898,0.0002656625871488449,113.51569635921628,0.51633898408936,2058736847185.6355
8600.0,8982.270982158614,0.47207817160950194,10,0.5,0.5,2.9308183684052026e-05,1.4654091842026013e-05,101.42827307770636,0.6467384609194136,26624512647336.88
8800.0,9182.270982158614,0.44591671730108673,1,0.5,0.5,80.7756282710884,40.3878141355442,1.7169873749477602,2256.901201108761,46.86131147204079
8800.0,9182.270982158614,0.44591671730108673,2,0.5,0.5,15.164631429341616,7.582315714670808,3.569690644242101,522.1383461650946,2243.124410636271
8800.0,9182.270982158614,0.44591671730108673,3,0.5,0.5,4.0928066259135205,2.0464033129567603,6.72619288040845,147.06459025613663,55600.69280015924
8800.0,9182.270982158614,0.44591671730108673,4,0.5,0.5,1.1890835604115337,0.5945417802057669,12.353260182101328,43.59970734558736,1185566.3624076562
8800.0,9182.270982158614,0.44591671730108673,5,0.5,0.5,0.3490606118399008,0.1745303059199504,22.409393465317265,13.249105160371975,24109207.70430421
8800.0,9182.270982158614,0.44591671730108673,6,0.5,0.5,0.09953115211026031,0.049765576055130156,39.8513429950641,4.189486812903691,475514026.40652674
8800.0,9182.270982158614,0.44591671730108673,7,0.5,0.5,0.02548463936113545,0.012742319680567726,67.10302683396111,1.4776192160769508,8866277443.70323
8800.0,9182.270982158614,0.44591671730108673,8,0.5,0.5,0.004857630332205504,0.002428815166102752,98.52719288180275,0.6853849000611276,147243911188.30615
8800.0,9182.270982158614,0.44591671730108673,9,0.5,0.5,0.0005190666677905712,0.0002595333338952856,113.6912783639038,0.5147453732368257,2117150766361.5566
8800.0,9182.270982158614,0.44591671730108673,10,0.5,0.5,2.8444140267774057e-05,1.4222070133887029e-05,101.4441297142885,0.6465362945587756,27446149740146.676
9000.0,9382.270982158614,0.42057680456707214,1,0.5,0.5,80.31278905955052,40.15639452977526,1.7154878661757804,2260.8484423566833,47.00799431839954
9000.0,9382.270982158614,0.42057680456707214,2,0.5,0.5,15.064600353003799,7.5323001765018995,3.5684935506081636,522.488719969245,2255.7481595404183
9000.0,9382.270982158614,0.42057680456707214,3,0.5,0.5,4.06107596042145,2.030537980210725,6.728108981251382,146.98083701714668,56083.02333754056
9000.0,9382.270982158614,0.42057680456707214,4,0.5,0.5,1.1783406817452995,0.5891703408726497,12.364998011379559,43.5169700872898,1199788.6763234744
9000.0,9382.270982158614,0.42057680456707214,5,0.5,0.5,0.3454350694648153,0.17271753473240764,22.445895411845182,13.206048299891007,24481490.576486137
9000.0,9382.270982158614,0.42057680456707214,6,0.5,0.5,0.09835166927317045,0.049175834636585224,39.941653950631455,4.170562768738297,484495643.8479294
9000.0,9382.270982158614,0.42057680456707214,7,0.5,0.5,0.02513479646083526,0.01256739823041763,67.2837084238642,1.469693965597925,9062496787.198505
9000.0,9382.270982158614,0.42057680456707214,8,0.5,0.5,0.004775586961643284,0.002387793480821642,98.7754021720944,0.6819446679195957,150908304606.213
9000.0,9382.270982158614,0.42057680456707214,9,0.5,0.5,0.0005075568429049971,0.0002537784214524986,113.86333635817232,0.5131908932159138,2175006233442.0454
9000.0,9382.270982158614,0.42057680456707214,10,0.5,0.5,2.7636711325997417e-05,1.3818355662998709e-05,101.4603327955509,0.6463298090616537,28261549104690.35
9200.0,9582.270982158614,0.39601331282714414,1,0.5,0.5,79.88184006125455,39.940920030627275,1.7141728054382457,2264.3186799738855,47.15298823585944
9200.0,9582.270982158614,0.39601331282714414,2,0.5,0.5,14.971191541883353,7.485595770941677,3.5676064359634254,522.7485944991163,2268.1299185963912
9200.0,9582.270982158614,0.39601331282714414,3,0.5,0.5,4.03137093290633,2.015685466453165,6.730453647128285,146.87844839850464,56555.354715006244
9200.0,9582.270982158614,0.39601331282714414,4,0.5,0.5,1.1682664541609022,0.5841332270804511,12.377224161028021,43.431040931260604,1213727.9155490652
9200.0,9582.270982158614,0.39601331282714414,5,0.5,0.5,0.3420315515989075,0.17101577579945376,22.48273824267145,13.162801828673823,24847054.924710557
9200.0,9582.270982158614,0.39601331282714414,6,0.5,0.5,0.09724355636313455,0.04862177818156727,40.031628581662666,4.151836418520971,493335559.45603627
9200.0,9582.270982158614,0.39601331282714414,7,0.5,0.5,0.024805822814645308,0.012402911407322654,67.46243169707155,1.4619171756030545,9256052618.307598
9200.0,9582.270982158614,0.39601331282714414,8,0.5,0.5,0.0046983696953645975,0.0023491848476822987,99.0197115390928,0.6785837221770211,154529451044.18744
9200.0,9582.270982158614,0.39601331282714414,9,0.5,0.5,0.0004967388285203765,0.00024836941426018824,114.03227420658895,0.5116714436526483,2232280299586.3735
9200.0,9582.270982158614,0.39601331282714414,10,0.5,0.5,2.6881188236147053e-05,1.3440594118073526e-05,101.47709140665675,0.6461163481639249,29070268840552.504
9400.0,9782.270982158614,0.3721845612373085,1,0.5,0.5,79.48117811241684,39.74058905620842,1.713035907942499,2267.3252164654746,47.296454065597004
9400.0,9782.270982158614,0.3721845612373085,2,0.5,0.5,14.884058680351128,7.442029340175564,3.5670201422376278,522.9204519019687,2280.2832102642014
9400.0,9782.270982158614,0.3721845612373085,3,0.5,0.5,4.003580529790367,2.0017902648951833,6.733217639982842,146.75788563704089,57018.1165050218
9400.0,9782.270982158614,0.3721845612373085,4,0.5,0.5,1.1588225198021125,0.5794112599010562,12.389936530631541,43.34196408998998,1227393.43624243
9400.0,9782.270982158614,0.3721845612373085,5,0.5,0.5,0.3388367680715914,0.1694183840357957,22.519944127738196,13.119344426004448,25206054.64082211
9400.0,9782.270982158614,0.3721845612373085,6,0.5,0.5,0.09620236575069181,0.048101182875345906,40.12134896914169,4.133288294897327,502035358.2586591
9400.0,9782.270982158614,0.3721845612373085,7,0.5,0.5,0.024496360911327054,0.012248180455663527,67.6393948394231,1.45427763252978,9446937586.327194
9400.0,9782.270982158614,0.3721845612373085,8,0.5,0.5,0.004625646325087134,0.002312823162543567,99.26046037606255,0.6752960057480465,158106567299.0544
9400.0,9782.270982158614,0.3721845612373085,9,0.5,0.5,0.00048656106109865006,0.00024328053054932503,114.19844295650972,0.5101834733543427,2288951948264.4956
9400.0,9782.270982158614,0.3721845612373085,10,0.5,0.5,2.617334273546328e-05,1.308667136773164e-05,101.49457984875065,0.6458937038641355,29871899260047.613
9600.0,9982.270982158614,0.3490519844956812,1,0.5,0.5,79.10927716642318,39.55463858321159,1.7120707805906594,2269.882206968746,47.43852834272049
9600.0,9982.270982158614,0.3490519844956812,2,0.5,0.5,14.80287386234936,7.40143693117468,3.566725017915507,523.0069923153152,2292.2201377529263
9600.0,9982.270982158614,0.3490519844956812,3,0.5,0.5,3.977600268250689,1.9888001341253445,6.7363902572948255,146.6196819557826,57471.702020503224
9600.0,9982.270982158614,0.3490519844956812,4,0.5,0.5,1.1499729780235552,0.5749864890117776,12.403129374585205,43.24980998174868,1240793.9401694706
9600.0,9982.270982158614,0.3490519844956812,5,0.5,0.5,0.3358383420534738,0.1679191710267369,22.557527043069406,13.075664773931988,25558635.287220225
9600.0,9982.270982158614,0.3490519844956812,6,0.5,0.5,0.095223974598738,0.047611987299369,40.21088028368742,4.114902884992849,510596595.97620845
9600.0,9982.270982158614,0.3490519844956812,7,0.5,0.5,0.024205158587407034,0.012102579293703517,67.81476508044925,1.4467657801064469,9635146679.464048
9600.0,9982.270982158614,0.3490519844956812,8,0.5,0.5,0.004557112421854328,0.002278556210927164,99.4979426764759,0.6720762514992079,161638956517.38892
9600.0,9982.270982158614,0.3490519844956812,9,0.5,0.5,0.00047697669874982563,0.00023848834937491281,114.36214729590982,0.5087239087448532,2345002003670.2065
9600.0,9982.270982158614,0.3490519844956812,10,0.5,0.5,2.5509369027895497e-05,1.2754684513947749e-05,101.51294185338733,0.645660062116809,30666061548449.125
9800.0,10182.270982158614,0.3265798448666206,1,0.5,0.5,78.76468637637346,39.38234318818673,1.7112709860485462,2272.004446701644,47.57932661422291
9800.0,10182.270982158614,0.3265798448666206,2,0.5,0.5,14.727326850773043,7.363663425386521,3.566711072387904,523.0110821462875,2303.951552368287
9800.0,10182.270982158614,0.3265798448666206,3,0.5,0.5,3.9533318404852302,1.9766659202426151,6.739959663893018,146.46442681853662,57916.47215980304
9800.0,10182.270982158614,0.3265798448666206,4,0.5,0.5,1.1416842243087861,0.5708421121543931,12.416793981261437,43.15467005243201,1253937.5392031707
9800.0,10182.270982158614,0.3265798448666206,5,0.5,0.5,0.3330247422618041,0.16651237113090206,22.595494108892286,13.03175977797327,25904934.905740667
9800.0,10182.270982158614,0.3265798448666206,6,0.5,0.5,0.09430455837808492,0.04715227918904246,40.30027329119078,4.0966679925703895,519020804.013039
9800.0,10182.270982158614,0.3265798448666206,7,0.5,0.5,0.023931059662402457,0.011965529831201228,67.98868293080722,1.4393734742547022,9820677123.828873
9800.0,10182.270982158614,0.3265798448666206,8,0.5,0.5,0.004492488616123821,0.0022462443080619103,99.73241282063435,0.6689198738623309,165126003818.98236
9800.0,10182.270982158614,0.3265798448666206,9,0.5,0.5,0.0004679431092325412,0.0002339715546162706,114.52365114963175,0.5072900924395751,2400413042113.0776
9800.0,10182.270982158614,0.3265798448666206,10,0.5,0.5,2.4885833905250272e-05,1.2442916952625136e-05,101.53229427948999,0.6454139552416823,31452406451663.66
10000.0,10382.270982158614,0.30473497575617636,1,0.5,0.5,78.4460275725726,39.2230137862863,1.7106300928038152,2273.707193632931,47.718946253069326
10000.0,10382.270982158614,0.30473497575617636,2,0.5,0.5,14.657124262829374,7.328562131414687,3.566968099667292,522.9357109803607,2315.487198010598
10000.0,10382.270982158614,0.30473497575617636,3,0.5,0.5,3.9306827548496655,1.9653413774248327,6.74391316276232,146.29275283523512,58352.75875941798
10000.0,10382.270982158614,0.30473497575617636,4,0.5,0.5,1.1339247947877686,0.5669623973938843,12.430919235101767,43.05665246744397,1266831.8118478036
10000.0,10382.270982158614,0.30473497575617636,5,0.5,0.5,0.33038521922682096,0.16519260961341048,22.633846709277776,12.987633083173217,26245084.722931463
10000.0,10382.270982158614,0.30473497575617636,6,0.5,0.5,0.09344056642956838,0.04672028321478419,40.389566468422565,4.07857420384621,527309493.48205465
10000.0,10382.270982158614,0.30473497575617636,7,0.5,0.5,0.0236729954398982,0.0118364977199491,68.16126579016839,1.4320937765817283,10003528280.171068
10000.0,10382.270982158614,0.30473497575617636,8,0.5,0.5,0.004431518173201088,0.002215759086600544,99.96409054797574,0.6658228767129983,168567172052.68988
10000.0,10382.270982158614,0.30473497575617636,9,0.5,0.5,0.00045942142147515724,0.00022971071073757862,114.68318254180687,0.5058797303536264,2455169306183.2593
10000.0,10382.270982158614,0.30473497575617636,10,0.5,0.5,2.4299633634031534e-05,1.2149816817015767e-05,101.55273036237219,0.6451542201088133,32230612990574.883
10200.0,10582.270982158614,0.2834865528504189,1,0.5,0.5,78.15199244574283,39.07599622287142,1.710141715310996,2275.006016958587,47.857468900279805
10200.0,10582.270982158614,0.2834865528504189,2,0.5,0.5,14.591988735510947,7.2959943677554735,3.5674857795422845,522.7839549995169,2326.8358377013783
10200.0,10582.270982158614,0.2834865528504189,3,0.5,0.5,3.909565986572152,1.954782993286076,6.748237420355833,146.10532467553088,58780.86756262296
10200.0,10582.270982158614,0.2834865528504189,4,0.5,0.5,1.1266652192621311,0.5633326096310656,12.445492090358597,42.95587846776665,1279483.853703994
10200.0,10582.270982158614,0.2834865528504189,5,0.5,0.5,0.3279097461609188,0.1639548730804594,22.67258144519885,12.943293817756132,26579209.782432016
10200.0,10582.270982158614,0.2834865528504189,6,0.5,0.5,0.0926286996018139,0.04631434980090695,40.47878781834764,4.060614434044584,535464158.7227697
10200.0,10582.270982158614,0.2834865528504189,7,0.5,0.5,0.023429977028171095,0.011714988514085548,68.3326110643634,1.42492077831792,10183701544.569242
10200.0,10582.270982158614,0.2834865528504189,8,0.5,0.5,0.004373964833253502,0.002186982416626751,100.19316528079192,0.662781774300337,171961997753.63684
10200.0,10582.270982158614,0.2834865528504189,9,0.5,0.5,0.00045137613190095134,0.00022568806595047567,114.84093785217091,0.5044908458367457,2509256622405.0757
10200.0,10582.270982158614,0.2834865528504189,10,0.5,0.5,2.3747956568578113e-05,1.1873978284289057e-05,101.57432257404773,0.644879961309737,33000387210668.098
10400.0,10782.270982158614,0.26280588939733973,1,0.5,0.5,77.8813394717418,38.9406697358709,1.7097995448283951,2275.9166708431585,47.99496254118534
10400.0,10782.270982158614,0.26280588939733973,2,0.5,0.5,14.53165807421253,7.265829037106265,3.568253758196369,522.5589464994155,2338.0053634014753
10400.0,10782.270982158614,0.26280588939733973,3,0.5,0.5,3.8898996372139063,1.9449498186069532,6.752918650355541,145.9028298430001,59201.08082073874
10400.0,10782.270982158614,0.26280588939733973,4,0.5,0.5,1.1198778818297455,0.5599389409148727,12.460497964001041,42.85247933330945,1291900.3218891637
10400.0,10782.270982158614,0.26280588939733973,5,0.5,0.5,0.32558896390700587,0.16279448195350293,22.71169093484076,12.898755542346914,26907429.497725416
10400.0,10782.270982158614,0.26280588939733973,6,0.5,0.5,0.09186588971846037,0.04593294485923018,40.56795640966915,4.042783546078782,543486280.0731101
10400.0,10782.270982158614,0.26280588939733973,7,0.5,0.5,0.023201088379486746,0.011600544189743373,68.50279883254204,1.41784945119903,10361200247.70307
10400.0,10782.270982158614,0.26280588939733973,8,0.5,0.5,0.004319610881780362,0.002159805440890181,100.41979985900551,0.6597935236451153,175310087218.8609
10400.0,10782.270982158614,0.26280588939733973,9,0.5,0.5,0.0004437747579811399,0.00022188737899056995,114.99708553272662,0.5031217399487642,2562662321406.127
10400.0,10782.270982158614,0.26280588939733973,10,0.5,0.5,2.3228250640348816e-05,1.1614125320174408e-05,101.5971251454159,0.6445905186483192,33761460958230.688
10600.0,10982.270982158614,0.24266625269198916,1,0.5,0.5,77.63288993481946,38.81644496740973,1.7095973646397733,2276.455011016274,48.13148305982196
10600.0,10982.270982158614,0.24266625269198916,2,0.5,0.5,14.475884261422765,7.2379421307113825,3.5692616945757742,522.2638536491739,2349.0028799792362
10600.0,10982.270982158614,0.24266625269198916,3,0.5,0.5,3.871606568556797,1.9358032842783985,6.757942730192763,145.68597243051838,59613.65928585721
10600.0,10982.270982158614,0.24266625269198916,4,0.5,0.5,1.113536878689239,0.5567684393446195,12.475921000722924,42.74659426998995,1304087.4678356324
10600.0,10982.270982158614,0.24266625269198916,5,0.5,0.5,0.3234141267473158,0.1617070633736579,22.75116437668789,12.85403549447134,27229858.004148822
10600.0,10982.270982158614,0.24266625269198916,6,0.5,0.5,0.09114927991209489,0.04557463995604744,40.65708349603737,4.025078066738227,551377323.4377633
10600.0,10982.270982158614,0.24266625269198916,7,0.5,0.5,0.022985479794257014,0.011492739897128507,68.6718938514188,1.4108755324925573,10536029509.543629
10600.0,10982.270982158614,0.24266625269198916,8,0.5,0.5,0.0042682554003731134,0.0021341277001865567,100.6441334776979,0.656855470451788,178611112112.79993
10600.0,10982.270982158614,0.24266625269198916,9,0.5,0.5,0.00043658753205164905,0.00021829376602582452,115.15176920880505,0.5017709582854278,2615375153900.335
10600.0,10982.270982158614,0.24266625269198916,10,0.5,0.5,2.2738195052165095e-05,1.1369097526082547e-05,101.62117629364865,0.6442854383869199,34513590615206.727
10800.0,11182.270982158614,0.22304269922905995,1,0.5,0.5,77.40552396572083,38.702761982860416,1.7095290598344566,2276.6369276930677,48.26707554593992
10800.0,11182.270982158614,0.22304269922905995,2,0.5,0.5,14.424432493903474,7.212216246951737,3.5704992943432585,521.9018641616392,2359.8347774690506
10800.0,11182.270982158614,0.22304269922905995,3,0.5,0.5,3.8546140548119423,1.9273070274059712,6.763295291631397,145.4554680638535,60018.843938213955
10800.0,11182.270982158614,0.22304269922905995,4,0.5,0.5,1.1076178852492886,0.5538089426246443,12.491744286186721,42.63836868421968,1316051.1656219447
10800.0,11182.270982158614,0.22304269922905995,5,0.5,0.5,0.32137705237333203,0.16068852618666601,22.79098801263121,12.809153964763482,27546604.45052836
10800.0,11182.270982158614,0.22304269922905995,6,0.5,0.5,0.090476206648295,0.0452381033241475,40.74617345127063,4.007495949530551,559138739.2660643
10800.0,11182.270982158614,0.22304269922905995,7,0.5,0.5,0.02278236204129337,0.011391181020646684,68.83994725385394,1.4039954277398512,10708196092.554058
10800.0,11182.270982158614,0.22304269922905995,8,0.5,0.5,0.004219712701586301,0.0021098563507931504,100.8662842160228,0.6539653027670955,181864805165.4705
10800.0,11182.270982158614,0.22304269922905995,9,0.5,0.5,0.0004297871307328395,0.00021489356536641974,115.30511039197465,0.5004372621377607,2667385208739.732
10800.0,11182.270982158614,0.22304269922905995,10,0.5,0.5,2.2275675524363023e-05,1.1137837762181511e-05,101.64650019198656,0.6439644477679635,35256555857535.01
11000.0,11382.270982158614,0.2039119263297977,1,0.5,0.5,77.19817782437472,38.59908891218736,1.7095886358715073,2276.4782571920728,48.4017757699842
11000.0,11382.270982158614,0.2039119263297977,2,0.5,0.5,14.377080474564934,7.188540237282467,3.571956360950161,521.4761642920878,2370.506811275283
11000.0,11382.270982158614,0.2039119263297977,3,0.5,0.5,3.8388535122965446,1.9194267561482723,6.768961841611902,145.2120376229957,60416.857944410476
11000.0,11382.270982158614,0.2039119263297977,4,0.5,0.5,1.1020980489955285,0.5510490244977643,12.50795011222133,42.52795213454329,1327796.9464842677
11000.0,11382.270982158614,0.2039119263297977,5,0.5,0.5,0.31947008055300424,0.15973504027650212,22.83114567867954,12.764133591419956,27857773.447004013
11000.0,11382.270982158614,0.2039119263297977,6,0.5,0.5,0.08984418459869248,0.04492209229934624,40.83522484434213,3.9900363188811543,566771965.1098452
11000.0,11382.270982158614,0.2039119263297977,7,0.5,0.5,0.02259100132146497,0.011295500660732484,69.00699842977956,1.397206110480479,10877708324.103882
11000.0,11382.270982158614,0.2039119263297977,8,0.5,0.5,0.004173810962664578,0.002086905481332289,101.08635167878451,0.6511210052398646,185070956906.24377
11000.0,11382.270982158614,0.2039119263297977,9,0.5,0.5,0.0004233484362389028,0.0002116742181194514,115.45721109358502,0.4991196013237814,2718683843722.887
11000.0,11382.270982158614,0.2039119263297977,10,0.5,0.5,2.1838762524065293e-05,1.0919381262032646e-05,101.67310871397707,0.6436274324013115,35990158548443.63
11200.0,11582.270982158614,0.18525213834139787,1,0.5,0.5,77.00984117624421,38.504920588122104,1.7097702327346855,2275.994707591376,48.535611464399835
11200.0,11582.270982158614,0.18525213834139787,2,0.5,0.5,14.33361772292402,7.16680886146201,3.5736228364609417,520.9899212430978,2381.0241727745115
11200.0,11582.270982158614,0.18525213834139787,3,0.5,0.5,3.8242602422694545,1.9121301211347272,6.774927861773814,144.95640198758016,60807.9083975719
11200.0,11582.270982158614,0.18525213834139787,4,0.5,0.5,1.0969558892154314,0.5484779446077157,12.524520199574495,42.41549661324906,1339330.029659367
11200.0,11582.270982158614,0.18525213834139787,5,0.5,0.5,0.31768603489619157,0.15884301744809579,22.8716192738372,12.71899876535195,28163465.46416579
11200.0,11582.270982158614,0.18525213834139787,6,0.5,0.5,0.08925089277895061,0.044625446389475305,40.924231363955805,3.972699252986182,574278427.7483315
11200.0,11582.270982158614,0.18525213834139787,7,0.5,0.5,0.02241071469441611,0.011205357347208055,69.17307665752517,1.3905050364268516,11044576019.358856
11200.0,11582.270982158614,0.18525213834139787,8,0.5,0.5,0.004130390998205553,0.0020651954991027766,101.30441930582158,0.6483208195903828,188229412511.53717
11200.0,11582.270982158614,0.18525213834139787,9,0.5,0.5,0.0004172483244902908,0.0002086241622451454,115.60815612838026,0.4978170904263979,2769263618792.57
11200.0,11582.270982158614,0.18525213834139787,10,0.5,0.5,2.1425692134394315e-05,1.0712846067197158e-05,101.70100297980109,0.6432744161665597,36714221661501.984
11400.0,11782.270982158614,0.16704292575530855,1,0.5,0.5,76.83955398286095,38.419776991430474,1.7100681307494423,2275.20180906654,48.66860330002012
11400.0,11782.270982158614,0.16704292575530855,2,0.5,0.5,14.293844831556484,7.146922415778242,3.575488824127985,520.4462713321079,2391.3915450176064
11400.0,11782.270982158614,0.16704292575530855,3,0.5,0.5,3.810773166717536,1.905386583358768,6.781178871691532,144.68927844368804,61192.18769997037
11400.0,11782.270982158614,0.16704292575530855,4,0.5,0.5,1.0921711974648265,0.5460855987324132,12.541435850809707,42.301155338356615,1350655.3463157886
11400.0,11782.270982158614,0.16704292575530855,5,0.5,0.5,0.3160181858378152,0.1580090929189076,22.91238909798131,12.673775197346854,28463777.112570684
11400.0,11782.270982158614,0.16704292575530855,6,0.5,0.5,0.0886941613930563,0.04434708069652815,41.01318250864481,3.955485619914293,581659543.428582
11400.0,11782.270982158614,0.16704292575530855,7,0.5,0.5,0.022240865822762967,0.011120432911381484,69.33820236194354,1.3838900762666273,11208810378.957455
11400.0,11782.270982158614,0.16704292575530855,8,0.5,0.5,0.004089305143701025,0.0020446525718505124,101.52055622860274,0.6455632124976197,191340068413.96924
11400.0,11782.270982158614,0.16704292575530855,9,0.5,0.5,0.0004114654763303574,0.0002057327381651787,115.75801506394063,0.49652898869818807,2819118227580.451
11400.0,11782.270982158614,0.16704292575530855,10,0.5,0.5,2.10348492261354e-05,1.05174246130677e-05,101.7301747286066,0.6429055433285985,37428588192330.64
11600.0,11982.270982158614,0.14926515580311772,1,0.5,0.5,76.6864036331377,38.34320181656885,1.7104767554069231,2274.114869409348,48.80076577412892
11600.0,11982.270982158614,0.14926515580311772,2,0.5,0.5,14.257572783489163,7.1287863917445815,3.5775446079650526,519.8483094663765,2401.6131537257916
11600.0,11982.270982158614,0.14926515580311772,3,0.5,0.5,3.798334587010089,1.8991672935050445,6.787700484748216,144.41137750176875,61569.87484085315
11600.0,11982.270982158614,0.14926515580311772,4,0.5,0.5,1.087724947043205,0.5438624735216026,12.55867808681462,42.18508168593011,1361777.56196117
11600.0,11982.270982158614,0.14926515580311772,5,0.5,0.5,0.31446021709687216,0.15723010854843608,22.95343415545124,12.62848953561777,28758801.410909373
11600.0,11982.270982158614,0.14926515580311772,6,0.5,0.5,0.08817195995237363,0.044085979976186816,41.10206420942683,3.9383969326589208,588916718.2834493
11600.0,11982.270982158614,0.14926515580311772,7,0.5,0.5,0.02208086114131579,0.011040430570657895,69.50238825167402,1.3773594561467106,11370423896.100525
11600.0,11982.270982158614,0.14926515580311772,8,0.5,0.5,0.0040504162548600795,0.0020252081274300397,101.73481894562403,0.6428468471074853,194402869131.28574
11600.0,11982.270982158614,0.14926515580311772,9,0.5,0.5,0.00040598020942338956,0.00020299010471169478,115.90684396985189,0.4952546821992555,2868242432462.2993
11600.0,11982.270982158614,0.14926515580311772,10,0.5,0.5,2.0664752590936457e-05,1.0332376295468228e-05,101.76060753758954,0.6425210626061856,38133120112881.055
11800.0,12182.270982158614,0.13190087327064193,1,0.5,0.5,76.5495221067338,38.2747610533669,1.7109906791757274,2272.7489400955797,48.932107955085236
11800.0,12182.270982158614,0.13190087327064193,2,0.5,0.5,14.224622289978264,7.112311144989132,3.5797806652525557,519.1990811096092,2411.692810999717
11800.0,12182.270982158614,0.13190087327064193,3,0.5,0.5,3.786889953886057,1.8934449769430286,6.794478449141998,144.12340044392386,61941.136502061134
11800.0,12182.270982158614,0.13190087327064193,4,0.5,0.5,1.0835992079010424,0.5417996039505212,12.576227753316168,42.067428352222834,1372701.0957423
11800.0,12182.270982158614,0.13190087327064193,5,0.5,0.5,0.31300619448324035,0.15650309724162018,22.994732400168992,12.58316905894563,29048628.007716563
11800.0,12182.270982158614,0.13190087327064193,6,0.5,0.5,0.08768238632489415,0.04384119316244708,41.190859344037264,3.9214352301887843,596051348.200118
11800.0,12182.270982158614,0.13190087327064193,7,0.5,0.5,0.021930146358037986,0.010965073179018993,69.6656402760667,1.3709117077887825,11529430260.089186
11800.0,12182.270982158614,0.13190087327064193,8,0.5,0.5,0.004013596803536566,0.002006798401768283,101.94725276061787,0.64017055867964,197417804136.32755
11800.0,12182.270982158614,0.13190087327064193,9,0.5,0.5,0.00040077432813590843,0.00020038716406795421,116.0546869506175,0.49399366822980667,2916632001079.18
11800.0,12182.270982158614,0.13190087327064193,10,0.5,0.5,2.0314041789241513e-05,1.0157020894620757e-05,101.79227790584739,0.6421213129682419,38827697347849.695
12000.0,12382.270982158614,0.11493321042725224,1,0.5,0.5,76.42808362676328,38.21404181338164,1.711604625693286,2271.1187785229513,49.06263424056174
12000.0,12382.270982158614,0.11493321042725224,2,0.5,0.5,14.194823232140235,7.097411616070118,3.582187683365283,518.5015734225215,2421.633959544853
12000.0,12382.270982158614,0.11493321042725224,3,0.5,0.5,3.7763876703446813,1.8881938351723406,6.8014986957444075,143.8260366727014,62306.1281887993
12000.0,12382.270982158614,0.11493321042725224,4,0.5,0.5,1.07977707288918,0.53988853644459,12.594065637662707,41.948346472751105,1383430.1409005695
12000.0,12382.270982158614,0.11493321042725224,5,0.5,0.5,0.31165053865018266,0.15582526932509133,23.03626099535012,12.537841363569758,29333343.443567235
12000.0,12382.270982158614,0.11493321042725224,6,0.5,0.5,0.08722365711135338,0.04361182855567669,41.27954826926074,3.9046029594825646,603064819.8187152
12000.0,12382.270982158614,0.11493321042725224,7,0.5,0.5,0.021788203359588407,0.010894101679794203,69.82795859301781,1.3645456202840078,11685844284.859388
12000.0,12382.270982158614,0.11493321042725224,8,0.5,0.5,0.003978728072668534,0.001989364036334267,102.15789318844757,0.6375333316151954,200384905149.3281
12000.0,12382.270982158614,0.11493321042725224,9,0.5,0.5,0.00039583098955583876,0.00019791549477791938,116.20157757736436,0.49274554100964935,2964283648668.998
12000.0,12382.270982158614,0.11493321042725224,10,0.5,0.5,1.998146546724008e-05,9.99073273362004e-06,101.82515621870449,0.6417067109622159,39512216818956.33
12200.0,12582.270982158614,0.09834630510226527,1,0.5,0.5,76.32130227919751,38.160651139598755,1.7123134708939987,2269.238820845753,49.192344983679895
12200.0,12582.270982158614,0.09834630510226527,2,0.5,0.5,14.16801410786834,7.08400705393417,3.58475656947661,517.7587089014477,2431.4397099805374
12200.0,12582.270982158614,0.09834630510226527,3,0.5,0.5,3.766778900613862,1.883389450306931,6.808747371179342,143.5199617818771,62664.99519182234
12200.0,12582.270982158614,0.09834630510226527,4,0.5,0.5,1.0762425874698847,0.5381212937349423,12.612172556190085,41.827984964349106,1393968.6820457552
12200.0,12582.270982158614,0.09834630510226527,5,0.5,0.5,0.31038799945782947,0.15519399972891473,23.077996516489403,12.492534121694035,29613031.361903794
12200.0,12582.270982158614,0.09834630510226527,6,0.5,0.5,0.0867940986871389,0.04339704934356945,41.36810924909308,3.8879028815624608,609958510.827528
12200.0,12582.270982158614,0.09834630510226527,7,0.5,0.5,0.021654547362224854,0.010827273681112427,69.98933836608256,1.3582602005307423,11839681830.603943
12200.0,12582.270982158614,0.09834630510226527,8,0.5,0.5,0.003945699424746191,0.0019728497123730955,102.3667671437069,0.6349342800841569,203304243419.27783
12200.0,12582.270982158614,0.09834630510226527,9,0.5,0.5,0.00039113458335472294,0.00019556729167736147,116.34754013367022,0.49150997927873147,3011194981262.5625
12200.0,12582.270982158614,0.09834630510226527,10,0.5,0.5,1.9665870982362902e-05,9.832935491181451e-06,101.85920760621279,0.6412777394040149,40186591506429.96
12400.0,12782.270982158614,0.08212522605668071,1,0.5,0.5,76.2284299679136,38.1142149839568,1.713112245359379,2267.1231539393307,49.32123710824713
12400.0,12782.270982158614,0.08212522605668071,2,0.5,0.5,14.144041551399534,7.072020775699767,3.587478462301985,516.9733388406996,2441.112877485036
12400.0,12782.270982158614,0.08212522605668071,3,0.5,0.5,3.7580174026202426,1.8790087013101213,6.81621087364795,143.20583560020526,63017.873540837405
12400.0,12782.270982158614,0.08212522605668071,4,0.5,0.5,1.0729806876712022,0.5364903438356011,12.630529444714492,41.70648986992708,1404320.5127229844
12400.0,12782.270982158614,0.08212522605668071,5,0.5,0.5,0.30921363324402695,0.15460681662201348,23.119915156682072,12.447274845680093,29887772.739454214
12400.0,12782.270982158614,0.08212522605668071,6,0.5,0.5,0.08639213923341044,0.04319606961670522,41.45651888106082,3.871337981413638,616733790.9283773
12400.0,12782.270982158614,0.08212522605668071,7,0.5,0.5,0.02152872436824759,0.010764362184123796,70.1497705455188,1.3520546359359487,11990959741.845024
12400.0,12782.270982158614,0.08212522605668071,8,0.5,0.5,0.003914407646248794,0.001957203823124397,102.57389407743311,0.632372630046552,206175927306.37512
12400.0,12782.270982158614,0.08212522605668071,9,0.5,0.5,0.00038667062412779056,0.00019333531206389528,116.49259076787898,0.4902867349844622,3057364443298.3916
12400.0,12782.270982158614,0.08212522605668071,10,0.5,0.5,1.936619515459075e-05,9.683097577295375e-06,101.89439270781119,0.6408349372805188,40850749565092.06
12600.0,12982.270982158614,0.06625590489942845,1,0.5,0.5,76.14875445400372,38.07437722700186,1.7139961353553332,2264.7854931452775,49.449304646464896
12600.0,12982.270982158614,0.06625590489942845,2,0.5,0.5,14.122759877743352,7.061379938871676,3.5903447405601026,516.1482381497981,2450.656014351019
12600.0,12982.270982158614,0.06625590489942845,3,0.5,0.5,3.750059370799625,1.8750296853998125,6.823875881538336,142.8843006278215,63364.89086073202
12600.0,12982.270982158614,0.06625590489942845,4,0.5,0.5,1.0699771423609719,0.5349885711804859,12.649117433879304,41.5840038269253,1414489.251246459
12600.0,12982.270982158614,0.06625590489942845,5,0.5,0.5,0.3081227818197288,0.1540613909098644,23.161992901559675,12.402090693033585,30157646.0927416
12600.0,12982.270982158614,0.06625590489942845,6,0.5,0.5,0.08601630141512698,0.04300815070756349,41.54475246477067,3.854911392051066,623392022.591381
12600.0,12982.270982158614,0.06625590489942845,7,0.5,0.5,0.021410308842517798,0.010705154421258899,70.3092425507094,1.3459282624313686,12139695786.470312
12600.0,12982.270982158614,0.06625590489942845,8,0.5,0.5,0.003884756353132631,0.0019423781765663154,102.7792869794766,0.6298477036084783,209000099953.55432
12600.0,12982.270982158614,0.06625590489942845,9,0.5,0.5,0.0003824256545970128,0.0001912128272985064,116.63673851734839,0.4890756233124659,3102791267223.855
12600.0,12982.270982158614,0.06625590489942845,10,0.5,0.5,1.9081456016887963e-05,9.540728008443982e-06,101.93066835364777,0.6403788907340165,41504633470216.02
12800.0,13182.270982158614,0.05072507388483816,1,0.5,0.5,76.0815974173174,38.0407987086587,1.7149604821007673,2262.2391668780538,49.576539191312996
12800.0,13182.270982158614,0.05072507388483816,2,0.5,0.5,14.104030639571139,7.0520153197855695,3.5933470271786194,515.2861017787275,2460.0714379278616
12800.0,13182.270982158614,0.05072507388483816,3,0.5,0.5,3.7428632855812127,1.8714316427906064,6.8317293729613375,142.55598093494746,63706.167112957235
12800.0,13182.270982158614,0.05072507388483816,4,0.5,0.5,1.0672184986547242,0.5336092493273621,12.667917906122872,41.460665677568564,1424478.3543714099
12800.0,13182.270982158614,0.05072507388483816,5,0.5,0.5,0.30711105279859663,0.15355552639929831,23.204205668184247,12.35700831689359,30422727.650230404
12800.0,13182.270982158614,0.05072507388483816,6,0.5,0.5,0.08566519558120432,0.04283259779060216,41.63278430334509,3.838626333877045,629934561.3678669
12800.0,13182.270982158614,0.05072507388483816,7,0.5,0.5,0.021298901573142813,0.010649450786571407,70.46773884108067,1.3398805380418108,12285908591.388416
12800.0,13182.270982158614,0.05072507388483816,8,0.5,0.5,0.0038566554491963135,0.0019283277245981567,102.98295323659585,0.6273589057277805,211776936984.73132
12800.0,13182.270982158614,0.05072507388483816,9,0.5,0.5,0.0003783871583977832,0.0001891935791988916,116.77998620631496,0.48787651400819176,3147475424344.044
12800.0,13182.270982158614,0.05072507388483816,10,0.5,0.5,1.8810745446287456e-05,9.405372723143728e-06,101.96798817178397,0.6399102250137514,42148199185743.695
13000.0,13382.270982158614,0.03552020900424968,1,0.5,0.5,76.02631257191733,38.013156285958665,1.7160007796833177,2259.4971068411683,49.70293027124891
13000.0,13382.270982158614,0.03552020900424968,2,0.5,0.5,14.087722201657357,7.0438611008286784,3.5964771903524975,514.3895423986826,2469.3612547263892
13000.0,13382.270982158614,0.03552020900424968,3,0.5,0.5,3.7363897705691023,1.8681948852845511,6.839758638501043,142.22148141677542,64041.815243750025
13000.0,13382.270982158614,0.03552020900424968,4,0.5,0.5,1.0646920306242211,0.5323460153121106,12.686912538558426,41.336610189007125,1434291.1292146898
13000.0,13382.270982158614,0.03552020900424968,5,0.5,0.5,0.30617430126252715,0.15308715063126357,23.246529415860294,12.312053752031709,30683091.49748684
13000.0,13382.270982158614,0.03552020900424968,6,0.5,0.5,0.0853375134699877,0.04266875673499385,41.72058795181937,3.8224860661116966,636362755.8840373
13000.0,13382.270982158614,0.03552020900424968,7,0.5,0.5,0.021194127705229784,0.010597063852614892,70.6252413976201,1.3339110209092961,12429617576.613628
13000.0,13382.270982158614,0.03552020900424968,8,0.5,0.5,0.0038300206326633865,0.0019150103163316932,103.18489537238912,0.6249057128489156,214506644250.83142
13000.0,13382.270982158614,0.03552020900424968,9,0.5,0.5,0.00037454348139497355,0.00018727174069748677,116.92233123651172,0.4866893237940456,3191417577135.499
13000.0,13382.270982158614,0.03552020900424968,10,0.5,0.5,1.855322256858751e-05,9.276611284293755e-06,102.00630312939425,0.6394295972932815,42781415357318.46
13200.0,13582.270982158614,0.02062947785110536,1,0.5,0.5,75.98228387688282,37.99114193844141,1.717112672427162,2256.5718415752353,49.82846568276714
13200.0,13582.270982158614,0.02062947785110536,2,0.5,0.5,14.073709339830007,7.036854669915003,3.5997273428766716,513.4610888988107,2478.527381831097
13200.0,13582.270982158614,0.02062947785110536,3,0.5,0.5,3.730601458966056,1.865300729483028,6.84795128981988,141.88138728557306,64371.941764100935
13200.0,13582.270982158614,0.02062947785110536,4,0.5,0.5,1.0623856916328478,0.5311928458164239,12.706083336797702,41.2119678474533,1443930.743948265
13200.0,13582.270982158614,0.02062947785110536,5,0.5,0.5,0.30530861281464916,0.15265430640732458,23.288940238147674,12.267252325338571,30938809.70530291
13200.0,13582.270982158614,0.02062947785110536,6,0.5,0.5,0.08503202241838913,0.042516011209194564,41.80813642886682,3.806493846811865,642677947.69387
13200.0,13582.270982158614,0.02062947785110536,7,0.5,0.5,0.02109563494072904,0.01054781747036452,70.78173014041472,1.328019350611032,12570842890.610878
13200.0,13582.270982158614,0.02062947785110536,8,0.5,0.5,0.003804772947201745,0.0019023864736008725,103.38511169816553,0.6224876630319317,217189455659.02216
13200.0,13582.270982158614,0.02062947785110536,9,0.5,0.5,0.00037088376061274344,0.00018544188030637172,117.06376629037993,0.4855140096873075,3234619033410.767
13200.0,13582.270982158614,0.02062947785110536,10,0.5,0.5,1.8308107843290675e-05,9.154053921645338e-06,102.04556201510847,0.638937690264157,43404262534341.266
13400.0,13782.270982158614,0.006041691796947246,1,0.5,0.5,75.94892379235282,37.97446189617641,1.718291951105385,2253.4754947877886,49.953131754196605
13400.0,13782.270982158614,0.006041691796947246,2,0.5,0.5,14.06187285449087,7.030936427245435,3.6030898388808374,512.5031859184575,2487.571565054619
13400.0,13782.270982158614,0.006041691796947246,3,0.5,0.5,3.7254628663350564,1.8627314331675282,6.856295262636987,141.5362638537558,64696.64724906425
13400.0,13782.270982158614,0.006041691796947246,4,0.5,0.5,1.0602880693714871,0.5301440346857436,12.725412657035038,41.0868647413138,1453400.2369343066
13400.0,13782.270982158614,0.006041691796947246,5,0.5,0.5,0.304510287719487,0.1522551438597435,23.331414431405026,12.222628594823078,31189952.432920672
13400.0,13782.270982158614,0.006041691796947246,6,0.5,0.5,0.08474755998032558,0.04237377999016279,41.89540238410958,3.790652902522116,648881470.8175119
13400.0,13782.270982158614,0.006041691796947246,7,0.5,0.5,0.021003091877832798,0.010501545938916399,70.93718327144563,1.3222052330195955,12709605343.639454
13400.0,13782.270982158614,0.006041691796947246,8,0.5,0.5,0.0037808383715709714,0.0018904191857854857,103.5835968659853,0.6201043476153686,219825631038.0646
13400.0,13782.270982158614,0.006041691796947246,9,0.5,0.5,0.00036739785991548923,0.00018369892995774462,117.20427994703365,0.48435056319295616,3277081701769.9233
13400.0,13782.270982158614,0.006041691796947246,10,0.5,0.5,1.807467775192722e-05,9.03733887596361e-06,102.08571186880752,0.6384352064265617,44016732415285.39
13484.036217860488,13866.307200019102,0.0,1,0.5,0.5,75.93795384574008,37.96897692287004,1.7188065840058575,2252.126257445619,50.005251158292396
13484.036217860488,13866.307200019102,0.0,2,0.5,0.5,14.057521232819958,7.028760616409979,3.6045344248917397,512.0924773553102,2491.335764233658
13484.036217860488,13866.307200019102,0.0,3,0.5,0.5,3.723489407319509,1.8617447036597545,6.859843555748274,141.38988084664985,64831.48797886441
13484.036217860488,13866.307200019102,0.0,4,0.5,0.5,1.0594663386328906,0.5297331693164453,12.733577600278869,41.03419072076319,1457329.0865672692
13484.036217860488,13866.307200019102,0.0,5,0.5,0.5,0.3041940966679513,0.15209704833397564,23.349274542977287,12.203937305639785,31294129.203790337
13484.036217860488,13866.307200019102,0.0,6,0.5,0.5,0.08463404225238534,0.04231702112619267,41.931978967729826,3.784042736935668,651455075.2820348
13484.036217860488,13866.307200019102,0.0,7,0.5,0.5,0.020965906484872576,0.010482953242436288,71.00218721110586,1.3197853299506401,12767181002.286625
13484.036217860488,13866.307200019102,0.0,8,0.5,0.5,0.003771156434552044,0.001885578217276022,103.66647812135525,0.6191131982567127,220919454975.73428
13484.036217860488,13866.307200019102,0.0,9,0.5,0.5,0.00036598271161474987,0.00018299135580737493,117.26304272747619,0.4838652499388499,3294703857934.7095
13484.036217860488,13866.307200019102,0.0,10,0.5,0.5,1.797991764566809e-05,8.989958822834045e-06,102.1028348761529,0.638221088687702,44270984605579.37
